Index,KernelName,gpu-id,queue-id,queue-index,pid,tid,grd,wgr,lds,scr,arch_vgpr,accum_vgpr,sgpr,wave_size,sig,obj,Wavefronts,VALUInsts,SALUInsts,VFetchInsts,LDSBankConflict
0,"init_kernel() [clone .kd]",2,0,0,4037151,4037151,1,1,0,0,4,4,16,64,0x0,0x7f5f6806c540,1.0000000000,0.0000000000,0.0000000000,0.0000000000,0.0000000000
1,"__amd_rocclr_fillBufferAligned.kd",2,0,1,4037151,4037151,256,256,0,0,12,4,32,64,0x0,0x7f5f67fbd8c0,4.0000000000,11.2500000000,21.0000000000,0.0000000000,0.0000000000
2,"__amd_rocclr_fillBufferAligned.kd",2,0,2,4037151,4037151,256,256,0,0,12,4,32,64,0x0,0x7f5f67fbd8c0,4.0000000000,12.7500000000,21.0000000000,0.0000000000,0.0000000000
3,"__amd_rocclr_copyBuffer.kd",2,0,3,4037151,4037151,512,512,0,0,20,4,32,64,0x0,0x7f5f67fbd940,8.0000000000,10.1250000000,15.2500000000,0.0000000000,0.0000000000
4,"__amd_rocclr_copyBuffer.kd",2,0,4,4037151,4037151,512,512,0,0,20,4,32,64,0x0,0x7f5f67fbd940,8.0000000000,10.1250000000,19.7500000000,0.0000000000,0.0000000000
5,"__amd_rocclr_copyBuffer.kd",2,0,6,4037151,4037151,512,512,0,0,20,4,32,64,0x7f5f67dfe100,0x7f5f67fbd940,8.0000000000,18.1250000000,17.7500000000,0.0000000000,0.0000000000
6,"void xspmm::kernels::bcsr_spmm_core_kernel<float, float, int, 16, 16, 16>(int const*, int const*, float const*, float const*, float*, int, int, int, int, int) [clone .kd]",2,0,9,4037151,4037151,524288,256,18432,0,36,4,32,64,0x0,0x7f5f67fa1880,8192.0000000000,15830.2148437500,18632.2539062500,0.0000000000,9.9246378776
7,"Cijk_Ailk_Bljk_SB_MT64x32x32_MI16x16x4x1_SE_1LDSB0_APM1_ABV0_ACED0_AF0EM1_AF1EM1_AMAS0_ASE_ASGT_ASLT_ASM_ASAE01_ASCE01_ASEM1_AAC0_BL1_BS1_CLR0_DTLA0_DTLB0_DTVA0_DTVB0_DVO0_ETSP_EPS0_ELFLR0_EMLL0_FSSC10_FL0_GLVWA2_GLVWB2_GRCGA1_GRCGB1_GRPM1_GRVW2_GSU1_GSUASB_GLS0_ISA90a_IU1_K1_KLA_LBSPPA0_LBSPPB128_LPA0_LPB2_LDL1_LRVW2_LWPMn1_LDW0_MAC_MIAV0_MDA2_MO40_MMFGLC_MKFGSU256_NTA0_NTB0_NTC0_NTD0_NEPBS0_NLCA1_NLCB1_ONLL1_OPLV0_PK0_PAP0_PGR2_PLR9_PKA0_SIA3_SLW1_SS0_SU0_SUM0_SUS0_SCIUI1_SPO0_SRVW2_SSO0_SVW4_SNLL0_TSGRA0_TSGRB0_TT2_16_TLDS1_UMLDSA0_UMLDSB1_U64SL1_USFGROn1_VAW1_VSn1_VW1_VWB1_VFLRP0_WSGRA1_WSGRB1_WS64_WG32_8_1_WGM15.kd",2,0,10,4037151,4037151,262144,256,29184,0,120,136,64,64,0x0,0x7f5e03324a00,4096.0000000000,10395.0000000000,7284.0000000000,3072.0000000000,6.5224020262
8,"void xspmm::kernels::bcsr_spmm_core_kernel<float, float, int, 16, 16, 16>(int const*, int const*, float const*, float const*, float*, int, int, int, int, int) [clone .kd]",2,0,12,4037151,4037151,524288,256,18432,0,36,4,32,64,0x0,0x7f5f67fa1880,8192.0000000000,15830.2148437500,18632.2539062500,0.0000000000,9.9318725928
9,"void xspmm::kernels::bcsr_spmm_core_kernel<float, float, int, 16, 16, 16>(int const*, int const*, float const*, float const*, float*, int, int, int, int, int) [clone .kd]",2,0,15,4037151,4037151,524288,256,18432,0,36,4,32,64,0x0,0x7f5f67fa1880,8192.0000000000,15830.2148437500,18632.2539062500,0.0000000000,9.9086482838
10,"void xspmm::kernels::bcsr_spmm_core_kernel<float, float, int, 16, 16, 16>(int const*, int const*, float const*, float const*, float*, int, int, int, int, int) [clone .kd]",2,0,16,4037151,4037151,524288,256,18432,0,36,4,32,64,0x0,0x7f5f67fa1880,8192.0000000000,15830.2148437500,18632.2539062500,0.0000000000,9.9032743561
11,"void xspmm::kernels::bcsr_spmm_core_kernel<float, float, int, 16, 16, 16>(int const*, int const*, float const*, float const*, float*, int, int, int, int, int) [clone .kd]",2,0,17,4037151,4037151,524288,256,18432,0,36,4,32,64,0x0,0x7f5f67fa1880,8192.0000000000,15830.2148437500,18632.2539062500,0.0000000000,9.9055669543
12,"void xspmm::kernels::bcsr_spmm_core_kernel<float, float, int, 16, 16, 16>(int const*, int const*, float const*, float const*, float*, int, int, int, int, int) [clone .kd]",2,0,18,4037151,4037151,524288,256,18432,0,36,4,32,64,0x0,0x7f5f67fa1880,8192.0000000000,15830.2148437500,18632.2539062500,0.0000000000,9.8979073414
13,"void xspmm::kernels::bcsr_spmm_core_kernel<float, float, int, 16, 16, 16>(int const*, int const*, float const*, float const*, float*, int, int, int, int, int) [clone .kd]",2,0,19,4037151,4037151,524288,256,18432,0,36,4,32,64,0x0,0x7f5f67fa1880,8192.0000000000,15830.2148437500,18632.2539062500,0.0000000000,9.9322765336
14,"void xspmm::kernels::bcsr_spmm_core_kernel<float, float, int, 16, 16, 16>(int const*, int const*, float const*, float const*, float*, int, int, int, int, int) [clone .kd]",2,0,20,4037151,4037151,524288,256,18432,0,36,4,32,64,0x0,0x7f5f67fa1880,8192.0000000000,15830.2148437500,18632.2539062500,0.0000000000,9.9232050935
15,"void xspmm::kernels::bcsr_spmm_core_kernel<float, float, int, 16, 16, 16>(int const*, int const*, float const*, float const*, float*, int, int, int, int, int) [clone .kd]",2,0,21,4037151,4037151,524288,256,18432,0,36,4,32,64,0x0,0x7f5f67fa1880,8192.0000000000,15830.2148437500,18632.2539062500,0.0000000000,9.9211773893
16,"void xspmm::kernels::bcsr_spmm_core_kernel<float, float, int, 16, 16, 16>(int const*, int const*, float const*, float const*, float*, int, int, int, int, int) [clone .kd]",2,0,22,4037151,4037151,524288,256,18432,0,36,4,32,64,0x0,0x7f5f67fa1880,8192.0000000000,15830.2148437500,18632.2539062500,0.0000000000,9.8949109160
17,"void xspmm::kernels::bcsr_spmm_core_kernel<float, float, int, 16, 16, 16>(int const*, int const*, float const*, float const*, float*, int, int, int, int, int) [clone .kd]",2,0,23,4037151,4037151,524288,256,18432,0,36,4,32,64,0x0,0x7f5f67fa1880,8192.0000000000,15830.2148437500,18632.2539062500,0.0000000000,9.9083247031
18,"void xspmm::kernels::bcsr_spmm_core_kernel<float, float, int, 16, 16, 16>(int const*, int const*, float const*, float const*, float*, int, int, int, int, int) [clone .kd]",2,0,24,4037151,4037151,524288,256,18432,0,36,4,32,64,0x0,0x7f5f67fa1880,8192.0000000000,15830.2148437500,18632.2539062500,0.0000000000,9.9132842343
19,"void rocsparse::csrmmnt_row_split_subwfsize_x_loop_columns_kernel<256u, 16u, 8u, 8u, float, int, int, float, float, float>(rocsparse::const_host_device_scalar<float>, rocsparse::const_host_device_scalar<float>, bool, int, int, int, int, long, long, long, long, long, long, int const*, int const*, float const*, float const*, float*, rocsparse_order_, rocsparse_index_base_, bool, bool) [clone .kd]",2,0,26,4037151,4037151,262144,256,0,0,88,0,48,64,0x0,0x7f5f67e8dcc0,4096.0000000000,160236.4531250000,8652.2207031250,0.0000000000,0.0000000000
20,"void rocsparse::csrmmnt_row_split_subwfsize_x_loop_columns_kernel<256u, 16u, 8u, 8u, float, int, int, float, float, float>(rocsparse::const_host_device_scalar<float>, rocsparse::const_host_device_scalar<float>, bool, int, int, int, int, long, long, long, long, long, long, int const*, int const*, float const*, float const*, float*, rocsparse_order_, rocsparse_index_base_, bool, bool) [clone .kd]",2,0,29,4037151,4037151,262144,256,0,0,88,0,48,64,0x0,0x7f5f67e8dcc0,4096.0000000000,160236.4531250000,8652.2207031250,0.0000000000,0.0000000000
21,"void rocsparse::csrmmnt_row_split_subwfsize_x_loop_columns_kernel<256u, 16u, 8u, 8u, float, int, int, float, float, float>(rocsparse::const_host_device_scalar<float>, rocsparse::const_host_device_scalar<float>, bool, int, int, int, int, long, long, long, long, long, long, int const*, int const*, float const*, float const*, float*, rocsparse_order_, rocsparse_index_base_, bool, bool) [clone .kd]",2,0,30,4037151,4037151,262144,256,0,0,88,0,48,64,0x0,0x7f5f67e8dcc0,4096.0000000000,160236.4531250000,8652.2207031250,0.0000000000,0.0000000000
22,"void rocsparse::csrmmnt_row_split_subwfsize_x_loop_columns_kernel<256u, 16u, 8u, 8u, float, int, int, float, float, float>(rocsparse::const_host_device_scalar<float>, rocsparse::const_host_device_scalar<float>, bool, int, int, int, int, long, long, long, long, long, long, int const*, int const*, float const*, float const*, float*, rocsparse_order_, rocsparse_index_base_, bool, bool) [clone .kd]",2,0,31,4037151,4037151,262144,256,0,0,88,0,48,64,0x0,0x7f5f67e8dcc0,4096.0000000000,160236.4531250000,8652.2207031250,0.0000000000,0.0000000000
23,"void rocsparse::csrmmnt_row_split_subwfsize_x_loop_columns_kernel<256u, 16u, 8u, 8u, float, int, int, float, float, float>(rocsparse::const_host_device_scalar<float>, rocsparse::const_host_device_scalar<float>, bool, int, int, int, int, long, long, long, long, long, long, int const*, int const*, float const*, float const*, float*, rocsparse_order_, rocsparse_index_base_, bool, bool) [clone .kd]",2,0,32,4037151,4037151,262144,256,0,0,88,0,48,64,0x0,0x7f5f67e8dcc0,4096.0000000000,160236.4531250000,8652.2207031250,0.0000000000,0.0000000000
24,"void rocsparse::csrmmnt_row_split_subwfsize_x_loop_columns_kernel<256u, 16u, 8u, 8u, float, int, int, float, float, float>(rocsparse::const_host_device_scalar<float>, rocsparse::const_host_device_scalar<float>, bool, int, int, int, int, long, long, long, long, long, long, int const*, int const*, float const*, float const*, float*, rocsparse_order_, rocsparse_index_base_, bool, bool) [clone .kd]",2,0,33,4037151,4037151,262144,256,0,0,88,0,48,64,0x0,0x7f5f67e8dcc0,4096.0000000000,160236.4531250000,8652.2207031250,0.0000000000,0.0000000000
25,"void rocsparse::csrmmnt_row_split_subwfsize_x_loop_columns_kernel<256u, 16u, 8u, 8u, float, int, int, float, float, float>(rocsparse::const_host_device_scalar<float>, rocsparse::const_host_device_scalar<float>, bool, int, int, int, int, long, long, long, long, long, long, int const*, int const*, float const*, float const*, float*, rocsparse_order_, rocsparse_index_base_, bool, bool) [clone .kd]",2,0,34,4037151,4037151,262144,256,0,0,88,0,48,64,0x0,0x7f5f67e8dcc0,4096.0000000000,160236.4531250000,8652.2207031250,0.0000000000,0.0000000000
26,"void rocsparse::csrmmnt_row_split_subwfsize_x_loop_columns_kernel<256u, 16u, 8u, 8u, float, int, int, float, float, float>(rocsparse::const_host_device_scalar<float>, rocsparse::const_host_device_scalar<float>, bool, int, int, int, int, long, long, long, long, long, long, int const*, int const*, float const*, float const*, float*, rocsparse_order_, rocsparse_index_base_, bool, bool) [clone .kd]",2,0,35,4037151,4037151,262144,256,0,0,88,0,48,64,0x0,0x7f5f67e8dcc0,4096.0000000000,160236.4531250000,8652.2207031250,0.0000000000,0.0000000000
27,"void rocsparse::csrmmnt_row_split_subwfsize_x_loop_columns_kernel<256u, 16u, 8u, 8u, float, int, int, float, float, float>(rocsparse::const_host_device_scalar<float>, rocsparse::const_host_device_scalar<float>, bool, int, int, int, int, long, long, long, long, long, long, int const*, int const*, float const*, float const*, float*, rocsparse_order_, rocsparse_index_base_, bool, bool) [clone .kd]",2,0,36,4037151,4037151,262144,256,0,0,88,0,48,64,0x0,0x7f5f67e8dcc0,4096.0000000000,160236.4531250000,8652.2207031250,0.0000000000,0.0000000000
28,"void rocsparse::csrmmnt_row_split_subwfsize_x_loop_columns_kernel<256u, 16u, 8u, 8u, float, int, int, float, float, float>(rocsparse::const_host_device_scalar<float>, rocsparse::const_host_device_scalar<float>, bool, int, int, int, int, long, long, long, long, long, long, int const*, int const*, float const*, float const*, float*, rocsparse_order_, rocsparse_index_base_, bool, bool) [clone .kd]",2,0,37,4037151,4037151,262144,256,0,0,88,0,48,64,0x0,0x7f5f67e8dcc0,4096.0000000000,160236.4531250000,8652.2207031250,0.0000000000,0.0000000000
29,"void rocsparse::csrmmnt_row_split_subwfsize_x_loop_columns_kernel<256u, 16u, 8u, 8u, float, int, int, float, float, float>(rocsparse::const_host_device_scalar<float>, rocsparse::const_host_device_scalar<float>, bool, int, int, int, int, long, long, long, long, long, long, int const*, int const*, float const*, float const*, float*, rocsparse_order_, rocsparse_index_base_, bool, bool) [clone .kd]",2,0,38,4037151,4037151,262144,256,0,0,88,0,48,64,0x0,0x7f5f67e8dcc0,4096.0000000000,160236.4531250000,8652.2207031250,0.0000000000,0.0000000000
30,"void rocsparse::bsrmm_large_blockdim_kernel_ext<16u, 16u, 2u, int, int, float, float, float, float>(bool, rocsparse_direction_, int, int, long, long, rocsparse::const_host_device_scalar<float>, int const*, int const*, float const*, int, float const*, long, long, rocsparse::const_host_device_scalar<float>, float*, long, long, rocsparse_order_, rocsparse_index_base_, bool) [clone .kd]",2,0,41,4037151,4037151,1048576,256,3072,0,40,0,48,64,0x0,0x7f5f66bb79c0,16384.0000000000,53695.7324218750,27228.3710937500,0.0000000000,58.7480326051
31,"Cijk_Ailk_Bljk_SB_MT64x32x32_MI16x16x4x1_SE_1LDSB0_APM1_ABV0_ACED0_AF0EM1_AF1EM1_AMAS0_ASE_ASGT_ASLT_ASM_ASAE01_ASCE01_ASEM1_AAC0_BL1_BS1_CLR0_DTLA0_DTLB0_DTVA0_DTVB0_DVO0_ETSP_EPS0_ELFLR0_EMLL0_FSSC10_FL0_GLVWA2_GLVWB2_GRCGA1_GRCGB1_GRPM1_GRVW2_GSU1_GSUASB_GLS0_ISA90a_IU1_K1_KLA_LBSPPA0_LBSPPB128_LPA0_LPB2_LDL1_LRVW2_LWPMn1_LDW0_MAC_MIAV0_MDA2_MO40_MMFGLC_MKFGSU256_NTA0_NTB0_NTC0_NTD0_NEPBS0_NLCA1_NLCB1_ONLL1_OPLV0_PK0_PAP0_PGR2_PLR9_PKA0_SIA3_SLW1_SS0_SU0_SUM0_SUS0_SCIUI1_SPO0_SRVW2_SSO0_SVW4_SNLL0_TSGRA0_TSGRB0_TT2_16_TLDS1_UMLDSA0_UMLDSB1_U64SL1_USFGROn1_VAW1_VSn1_VW1_VWB1_VFLRP0_WSGRA1_WSGRB1_WS64_WG32_8_1_WGM15.kd",2,0,45,4037151,4037151,262144,256,29184,0,120,136,64,64,0x0,0x7f5e03324a00,4928.0000000000,8730.0714285714,6185.5422077922,2601.3831168831,6.1789993700
32,"Cijk_Ailk_Bljk_SB_MT64x32x32_MI16x16x4x1_SE_1LDSB0_APM1_ABV0_ACED0_AF0EM1_AF1EM1_AMAS0_ASE_ASGT_ASLT_ASM_ASAE01_ASCE01_ASEM1_AAC0_BL1_BS1_CLR0_DTLA0_DTLB0_DTVA0_DTVB0_DVO0_ETSP_EPS0_ELFLR0_EMLL0_FSSC10_FL0_GLVWA2_GLVWB2_GRCGA1_GRCGB1_GRPM1_GRVW2_GSU1_GSUASB_GLS0_ISA90a_IU1_K1_KLA_LBSPPA0_LBSPPB128_LPA0_LPB2_LDL1_LRVW2_LWPMn1_LDW0_MAC_MIAV0_MDA2_MO40_MMFGLC_MKFGSU256_NTA0_NTB0_NTC0_NTD0_NEPBS0_NLCA1_NLCB1_ONLL1_OPLV0_PK0_PAP0_PGR2_PLR9_PKA0_SIA3_SLW1_SS0_SU0_SUM0_SUS0_SCIUI1_SPO0_SRVW2_SSO0_SVW4_SNLL0_TSGRA0_TSGRB0_TT2_16_TLDS1_UMLDSA0_UMLDSB1_U64SL1_USFGROn1_VAW1_VSn1_VW1_VWB1_VFLRP0_WSGRA1_WSGRB1_WS64_WG32_8_1_WGM15.kd",2,0,48,4037151,4037151,262144,256,29184,0,120,136,64,64,0x0,0x7f5e03324a00,4096.0000000000,10395.0000000000,7284.0000000000,3072.0000000000,6.6804912870
33,"Cijk_Ailk_Bljk_SB_MT64x32x32_MI16x16x4x1_SE_1LDSB0_APM1_ABV0_ACED0_AF0EM1_AF1EM1_AMAS0_ASE_ASGT_ASLT_ASM_ASAE01_ASCE01_ASEM1_AAC0_BL1_BS1_CLR0_DTLA0_DTLB0_DTVA0_DTVB0_DVO0_ETSP_EPS0_ELFLR0_EMLL0_FSSC10_FL0_GLVWA2_GLVWB2_GRCGA1_GRCGB1_GRPM1_GRVW2_GSU1_GSUASB_GLS0_ISA90a_IU1_K1_KLA_LBSPPA0_LBSPPB128_LPA0_LPB2_LDL1_LRVW2_LWPMn1_LDW0_MAC_MIAV0_MDA2_MO40_MMFGLC_MKFGSU256_NTA0_NTB0_NTC0_NTD0_NEPBS0_NLCA1_NLCB1_ONLL1_OPLV0_PK0_PAP0_PGR2_PLR9_PKA0_SIA3_SLW1_SS0_SU0_SUM0_SUS0_SCIUI1_SPO0_SRVW2_SSO0_SVW4_SNLL0_TSGRA0_TSGRB0_TT2_16_TLDS1_UMLDSA0_UMLDSB1_U64SL1_USFGROn1_VAW1_VSn1_VW1_VWB1_VFLRP0_WSGRA1_WSGRB1_WS64_WG32_8_1_WGM15.kd",2,0,49,4037151,4037151,262144,256,29184,0,120,136,64,64,0x0,0x7f5e03324a00,4096.0000000000,10395.0000000000,7284.0000000000,3072.0000000000,6.4666780959
34,"Cijk_Ailk_Bljk_SB_MT64x32x32_MI16x16x4x1_SE_1LDSB0_APM1_ABV0_ACED0_AF0EM1_AF1EM1_AMAS0_ASE_ASGT_ASLT_ASM_ASAE01_ASCE01_ASEM1_AAC0_BL1_BS1_CLR0_DTLA0_DTLB0_DTVA0_DTVB0_DVO0_ETSP_EPS0_ELFLR0_EMLL0_FSSC10_FL0_GLVWA2_GLVWB2_GRCGA1_GRCGB1_GRPM1_GRVW2_GSU1_GSUASB_GLS0_ISA90a_IU1_K1_KLA_LBSPPA0_LBSPPB128_LPA0_LPB2_LDL1_LRVW2_LWPMn1_LDW0_MAC_MIAV0_MDA2_MO40_MMFGLC_MKFGSU256_NTA0_NTB0_NTC0_NTD0_NEPBS0_NLCA1_NLCB1_ONLL1_OPLV0_PK0_PAP0_PGR2_PLR9_PKA0_SIA3_SLW1_SS0_SU0_SUM0_SUS0_SCIUI1_SPO0_SRVW2_SSO0_SVW4_SNLL0_TSGRA0_TSGRB0_TT2_16_TLDS1_UMLDSA0_UMLDSB1_U64SL1_USFGROn1_VAW1_VSn1_VW1_VWB1_VFLRP0_WSGRA1_WSGRB1_WS64_WG32_8_1_WGM15.kd",2,0,50,4037151,4037151,262144,256,29184,0,120,136,64,64,0x0,0x7f5e03324a00,4096.0000000000,10395.0000000000,7284.0000000000,3072.0000000000,6.4493462672
35,"Cijk_Ailk_Bljk_SB_MT64x32x32_MI16x16x4x1_SE_1LDSB0_APM1_ABV0_ACED0_AF0EM1_AF1EM1_AMAS0_ASE_ASGT_ASLT_ASM_ASAE01_ASCE01_ASEM1_AAC0_BL1_BS1_CLR0_DTLA0_DTLB0_DTVA0_DTVB0_DVO0_ETSP_EPS0_ELFLR0_EMLL0_FSSC10_FL0_GLVWA2_GLVWB2_GRCGA1_GRCGB1_GRPM1_GRVW2_GSU1_GSUASB_GLS0_ISA90a_IU1_K1_KLA_LBSPPA0_LBSPPB128_LPA0_LPB2_LDL1_LRVW2_LWPMn1_LDW0_MAC_MIAV0_MDA2_MO40_MMFGLC_MKFGSU256_NTA0_NTB0_NTC0_NTD0_NEPBS0_NLCA1_NLCB1_ONLL1_OPLV0_PK0_PAP0_PGR2_PLR9_PKA0_SIA3_SLW1_SS0_SU0_SUM0_SUS0_SCIUI1_SPO0_SRVW2_SSO0_SVW4_SNLL0_TSGRA0_TSGRB0_TT2_16_TLDS1_UMLDSA0_UMLDSB1_U64SL1_USFGROn1_VAW1_VSn1_VW1_VWB1_VFLRP0_WSGRA1_WSGRB1_WS64_WG32_8_1_WGM15.kd",2,0,51,4037151,4037151,262144,256,29184,0,120,136,64,64,0x0,0x7f5e03324a00,4096.0000000000,10395.0000000000,7284.0000000000,3072.0000000000,6.5952897021
36,"Cijk_Ailk_Bljk_SB_MT64x32x32_MI16x16x4x1_SE_1LDSB0_APM1_ABV0_ACED0_AF0EM1_AF1EM1_AMAS0_ASE_ASGT_ASLT_ASM_ASAE01_ASCE01_ASEM1_AAC0_BL1_BS1_CLR0_DTLA0_DTLB0_DTVA0_DTVB0_DVO0_ETSP_EPS0_ELFLR0_EMLL0_FSSC10_FL0_GLVWA2_GLVWB2_GRCGA1_GRCGB1_GRPM1_GRVW2_GSU1_GSUASB_GLS0_ISA90a_IU1_K1_KLA_LBSPPA0_LBSPPB128_LPA0_LPB2_LDL1_LRVW2_LWPMn1_LDW0_MAC_MIAV0_MDA2_MO40_MMFGLC_MKFGSU256_NTA0_NTB0_NTC0_NTD0_NEPBS0_NLCA1_NLCB1_ONLL1_OPLV0_PK0_PAP0_PGR2_PLR9_PKA0_SIA3_SLW1_SS0_SU0_SUM0_SUS0_SCIUI1_SPO0_SRVW2_SSO0_SVW4_SNLL0_TSGRA0_TSGRB0_TT2_16_TLDS1_UMLDSA0_UMLDSB1_U64SL1_USFGROn1_VAW1_VSn1_VW1_VWB1_VFLRP0_WSGRA1_WSGRB1_WS64_WG32_8_1_WGM15.kd",2,0,52,4037151,4037151,262144,256,29184,0,120,136,64,64,0x0,0x7f5e03324a00,4096.0000000000,10395.0000000000,7284.0000000000,3072.0000000000,6.6056938954
37,"Cijk_Ailk_Bljk_SB_MT64x32x32_MI16x16x4x1_SE_1LDSB0_APM1_ABV0_ACED0_AF0EM1_AF1EM1_AMAS0_ASE_ASGT_ASLT_ASM_ASAE01_ASCE01_ASEM1_AAC0_BL1_BS1_CLR0_DTLA0_DTLB0_DTVA0_DTVB0_DVO0_ETSP_EPS0_ELFLR0_EMLL0_FSSC10_FL0_GLVWA2_GLVWB2_GRCGA1_GRCGB1_GRPM1_GRVW2_GSU1_GSUASB_GLS0_ISA90a_IU1_K1_KLA_LBSPPA0_LBSPPB128_LPA0_LPB2_LDL1_LRVW2_LWPMn1_LDW0_MAC_MIAV0_MDA2_MO40_MMFGLC_MKFGSU256_NTA0_NTB0_NTC0_NTD0_NEPBS0_NLCA1_NLCB1_ONLL1_OPLV0_PK0_PAP0_PGR2_PLR9_PKA0_SIA3_SLW1_SS0_SU0_SUM0_SUS0_SCIUI1_SPO0_SRVW2_SSO0_SVW4_SNLL0_TSGRA0_TSGRB0_TT2_16_TLDS1_UMLDSA0_UMLDSB1_U64SL1_USFGROn1_VAW1_VSn1_VW1_VWB1_VFLRP0_WSGRA1_WSGRB1_WS64_WG32_8_1_WGM15.kd",2,0,53,4037151,4037151,262144,256,29184,0,120,136,64,64,0x0,0x7f5e03324a00,4096.0000000000,10395.0000000000,7284.0000000000,3072.0000000000,6.5583430654
38,"Cijk_Ailk_Bljk_SB_MT64x32x32_MI16x16x4x1_SE_1LDSB0_APM1_ABV0_ACED0_AF0EM1_AF1EM1_AMAS0_ASE_ASGT_ASLT_ASM_ASAE01_ASCE01_ASEM1_AAC0_BL1_BS1_CLR0_DTLA0_DTLB0_DTVA0_DTVB0_DVO0_ETSP_EPS0_ELFLR0_EMLL0_FSSC10_FL0_GLVWA2_GLVWB2_GRCGA1_GRCGB1_GRPM1_GRVW2_GSU1_GSUASB_GLS0_ISA90a_IU1_K1_KLA_LBSPPA0_LBSPPB128_LPA0_LPB2_LDL1_LRVW2_LWPMn1_LDW0_MAC_MIAV0_MDA2_MO40_MMFGLC_MKFGSU256_NTA0_NTB0_NTC0_NTD0_NEPBS0_NLCA1_NLCB1_ONLL1_OPLV0_PK0_PAP0_PGR2_PLR9_PKA0_SIA3_SLW1_SS0_SU0_SUM0_SUS0_SCIUI1_SPO0_SRVW2_SSO0_SVW4_SNLL0_TSGRA0_TSGRB0_TT2_16_TLDS1_UMLDSA0_UMLDSB1_U64SL1_USFGROn1_VAW1_VSn1_VW1_VWB1_VFLRP0_WSGRA1_WSGRB1_WS64_WG32_8_1_WGM15.kd",2,0,54,4037151,4037151,262144,256,29184,0,120,136,64,64,0x0,0x7f5e03324a00,4096.0000000000,10395.0000000000,7284.0000000000,3072.0000000000,6.4481630136
39,"Cijk_Ailk_Bljk_SB_MT64x32x32_MI16x16x4x1_SE_1LDSB0_APM1_ABV0_ACED0_AF0EM1_AF1EM1_AMAS0_ASE_ASGT_ASLT_ASM_ASAE01_ASCE01_ASEM1_AAC0_BL1_BS1_CLR0_DTLA0_DTLB0_DTVA0_DTVB0_DVO0_ETSP_EPS0_ELFLR0_EMLL0_FSSC10_FL0_GLVWA2_GLVWB2_GRCGA1_GRCGB1_GRPM1_GRVW2_GSU1_GSUASB_GLS0_ISA90a_IU1_K1_KLA_LBSPPA0_LBSPPB128_LPA0_LPB2_LDL1_LRVW2_LWPMn1_LDW0_MAC_MIAV0_MDA2_MO40_MMFGLC_MKFGSU256_NTA0_NTB0_NTC0_NTD0_NEPBS0_NLCA1_NLCB1_ONLL1_OPLV0_PK0_PAP0_PGR2_PLR9_PKA0_SIA3_SLW1_SS0_SU0_SUM0_SUS0_SCIUI1_SPO0_SRVW2_SSO0_SVW4_SNLL0_TSGRA0_TSGRB0_TT2_16_TLDS1_UMLDSA0_UMLDSB1_U64SL1_USFGROn1_VAW1_VSn1_VW1_VWB1_VFLRP0_WSGRA1_WSGRB1_WS64_WG32_8_1_WGM15.kd",2,0,55,4037151,4037151,262144,256,29184,0,120,136,64,64,0x0,0x7f5e03324a00,4096.0000000000,10395.0000000000,7284.0000000000,3072.0000000000,6.4921692182
40,"Cijk_Ailk_Bljk_SB_MT64x32x32_MI16x16x4x1_SE_1LDSB0_APM1_ABV0_ACED0_AF0EM1_AF1EM1_AMAS0_ASE_ASGT_ASLT_ASM_ASAE01_ASCE01_ASEM1_AAC0_BL1_BS1_CLR0_DTLA0_DTLB0_DTVA0_DTVB0_DVO0_ETSP_EPS0_ELFLR0_EMLL0_FSSC10_FL0_GLVWA2_GLVWB2_GRCGA1_GRCGB1_GRPM1_GRVW2_GSU1_GSUASB_GLS0_ISA90a_IU1_K1_KLA_LBSPPA0_LBSPPB128_LPA0_LPB2_LDL1_LRVW2_LWPMn1_LDW0_MAC_MIAV0_MDA2_MO40_MMFGLC_MKFGSU256_NTA0_NTB0_NTC0_NTD0_NEPBS0_NLCA1_NLCB1_ONLL1_OPLV0_PK0_PAP0_PGR2_PLR9_PKA0_SIA3_SLW1_SS0_SU0_SUM0_SUS0_SCIUI1_SPO0_SRVW2_SSO0_SVW4_SNLL0_TSGRA0_TSGRB0_TT2_16_TLDS1_UMLDSA0_UMLDSB1_U64SL1_USFGROn1_VAW1_VSn1_VW1_VWB1_VFLRP0_WSGRA1_WSGRB1_WS64_WG32_8_1_WGM15.kd",2,0,56,4037151,4037151,262144,256,29184,0,120,136,64,64,0x0,0x7f5e03324a00,4096.0000000000,10395.0000000000,7284.0000000000,3072.0000000000,6.7900107758
41,"Cijk_Ailk_Bljk_SB_MT64x32x32_MI16x16x4x1_SE_1LDSB0_APM1_ABV0_ACED0_AF0EM1_AF1EM1_AMAS0_ASE_ASGT_ASLT_ASM_ASAE01_ASCE01_ASEM1_AAC0_BL1_BS1_CLR0_DTLA0_DTLB0_DTVA0_DTVB0_DVO0_ETSP_EPS0_ELFLR0_EMLL0_FSSC10_FL0_GLVWA2_GLVWB2_GRCGA1_GRCGB1_GRPM1_GRVW2_GSU1_GSUASB_GLS0_ISA90a_IU1_K1_KLA_LBSPPA0_LBSPPB128_LPA0_LPB2_LDL1_LRVW2_LWPMn1_LDW0_MAC_MIAV0_MDA2_MO40_MMFGLC_MKFGSU256_NTA0_NTB0_NTC0_NTD0_NEPBS0_NLCA1_NLCB1_ONLL1_OPLV0_PK0_PAP0_PGR2_PLR9_PKA0_SIA3_SLW1_SS0_SU0_SUM0_SUS0_SCIUI1_SPO0_SRVW2_SSO0_SVW4_SNLL0_TSGRA0_TSGRB0_TT2_16_TLDS1_UMLDSA0_UMLDSB1_U64SL1_USFGROn1_VAW1_VSn1_VW1_VWB1_VFLRP0_WSGRA1_WSGRB1_WS64_WG32_8_1_WGM15.kd",2,0,57,4037151,4037151,262144,256,29184,0,120,136,64,64,0x0,0x7f5e03324a00,4096.0000000000,10395.0000000000,7284.0000000000,3072.0000000000,6.6387554720
42,"__amd_rocclr_copyBuffer.kd",2,0,60,4037151,4037151,512,512,0,0,20,4,32,64,0x7f5f67dfda00,0x7f5f67fbd940,8.0000000000,18.1250000000,17.7500000000,0.0000000000,0.0000000000
43,"void xspmm::kernels::bcsr_spmm_core_kernel<float, float, int, 16, 16, 16>(int const*, int const*, float const*, float const*, float*, int, int, int, int, int) [clone .kd]",2,0,64,4037151,4037151,524288,256,18432,0,36,4,32,64,0x0,0x7f5f67fa1880,8192.0000000000,9972.5000000000,11709.5000000000,0.0000000000,9.8330134890
44,"Cijk_Ailk_Bljk_SB_MT64x32x32_MI16x16x4x1_SE_1LDSB0_APM1_ABV0_ACED0_AF0EM1_AF1EM1_AMAS0_ASE_ASGT_ASLT_ASM_ASAE01_ASCE01_ASEM1_AAC0_BL1_BS1_CLR0_DTLA0_DTLB0_DTVA0_DTVB0_DVO0_ETSP_EPS0_ELFLR0_EMLL0_FSSC10_FL0_GLVWA2_GLVWB2_GRCGA1_GRCGB1_GRPM1_GRVW2_GSU1_GSUASB_GLS0_ISA90a_IU1_K1_KLA_LBSPPA0_LBSPPB128_LPA0_LPB2_LDL1_LRVW2_LWPMn1_LDW0_MAC_MIAV0_MDA2_MO40_MMFGLC_MKFGSU256_NTA0_NTB0_NTC0_NTD0_NEPBS0_NLCA1_NLCB1_ONLL1_OPLV0_PK0_PAP0_PGR2_PLR9_PKA0_SIA3_SLW1_SS0_SU0_SUM0_SUS0_SCIUI1_SPO0_SRVW2_SSO0_SVW4_SNLL0_TSGRA0_TSGRB0_TT2_16_TLDS1_UMLDSA0_UMLDSB1_U64SL1_USFGROn1_VAW1_VSn1_VW1_VWB1_VFLRP0_WSGRA1_WSGRB1_WS64_WG32_8_1_WGM15.kd",2,0,65,4037151,4037151,262144,256,29184,0,120,136,64,64,0x0,0x7f5e03324a00,4096.0000000000,10395.0000000000,7284.0000000000,3072.0000000000,6.4695269307
45,"void xspmm::kernels::bcsr_spmm_core_kernel<float, float, int, 16, 16, 16>(int const*, int const*, float const*, float const*, float*, int, int, int, int, int) [clone .kd]",2,0,67,4037151,4037151,524288,256,18432,0,36,4,32,64,0x0,0x7f5f67fa1880,8192.0000000000,9972.5000000000,11709.5000000000,0.0000000000,9.8545037538
46,"void xspmm::kernels::bcsr_spmm_core_kernel<float, float, int, 16, 16, 16>(int const*, int const*, float const*, float const*, float*, int, int, int, int, int) [clone .kd]",2,0,70,4037151,4037151,524288,256,18432,0,36,4,32,64,0x0,0x7f5f67fa1880,8192.0000000000,9972.5000000000,11709.5000000000,0.0000000000,9.9154376213
47,"void xspmm::kernels::bcsr_spmm_core_kernel<float, float, int, 16, 16, 16>(int const*, int const*, float const*, float const*, float*, int, int, int, int, int) [clone .kd]",2,0,71,4037151,4037151,524288,256,18432,0,36,4,32,64,0x0,0x7f5f67fa1880,8192.0000000000,9972.5000000000,11709.5000000000,0.0000000000,9.8370138491
48,"void xspmm::kernels::bcsr_spmm_core_kernel<float, float, int, 16, 16, 16>(int const*, int const*, float const*, float const*, float*, int, int, int, int, int) [clone .kd]",2,0,72,4037151,4037151,524288,256,18432,0,36,4,32,64,0x0,0x7f5f67fa1880,8192.0000000000,9972.5000000000,11709.5000000000,0.0000000000,9.9094525445
49,"void xspmm::kernels::bcsr_spmm_core_kernel<float, float, int, 16, 16, 16>(int const*, int const*, float const*, float const*, float*, int, int, int, int, int) [clone .kd]",2,0,73,4037151,4037151,524288,256,18432,0,36,4,32,64,0x0,0x7f5f67fa1880,8192.0000000000,9972.5000000000,11709.5000000000,0.0000000000,9.9056984065
50,"void xspmm::kernels::bcsr_spmm_core_kernel<float, float, int, 16, 16, 16>(int const*, int const*, float const*, float const*, float*, int, int, int, int, int) [clone .kd]",2,0,74,4037151,4037151,524288,256,18432,0,36,4,32,64,0x0,0x7f5f67fa1880,8192.0000000000,9972.5000000000,11709.5000000000,0.0000000000,9.8537294153
51,"void xspmm::kernels::bcsr_spmm_core_kernel<float, float, int, 16, 16, 16>(int const*, int const*, float const*, float const*, float*, int, int, int, int, int) [clone .kd]",2,0,75,4037151,4037151,524288,256,18432,0,36,4,32,64,0x0,0x7f5f67fa1880,8192.0000000000,9972.5000000000,11709.5000000000,0.0000000000,9.8825285709
52,"void xspmm::kernels::bcsr_spmm_core_kernel<float, float, int, 16, 16, 16>(int const*, int const*, float const*, float const*, float*, int, int, int, int, int) [clone .kd]",2,0,76,4037151,4037151,524288,256,18432,0,36,4,32,64,0x0,0x7f5f67fa1880,8192.0000000000,9972.5000000000,11709.5000000000,0.0000000000,9.8293597416
53,"void xspmm::kernels::bcsr_spmm_core_kernel<float, float, int, 16, 16, 16>(int const*, int const*, float const*, float const*, float*, int, int, int, int, int) [clone .kd]",2,0,77,4037151,4037151,524288,256,18432,0,36,4,32,64,0x0,0x7f5f67fa1880,8192.0000000000,9972.5000000000,11709.5000000000,0.0000000000,9.9133294244
54,"void xspmm::kernels::bcsr_spmm_core_kernel<float, float, int, 16, 16, 16>(int const*, int const*, float const*, float const*, float*, int, int, int, int, int) [clone .kd]",2,0,78,4037151,4037151,524288,256,18432,0,36,4,32,64,0x0,0x7f5f67fa1880,8192.0000000000,9972.5000000000,11709.5000000000,0.0000000000,9.8386258586
55,"void xspmm::kernels::bcsr_spmm_core_kernel<float, float, int, 16, 16, 16>(int const*, int const*, float const*, float const*, float*, int, int, int, int, int) [clone .kd]",2,0,79,4037151,4037151,524288,256,18432,0,36,4,32,64,0x0,0x7f5f67fa1880,8192.0000000000,9972.5000000000,11709.5000000000,0.0000000000,9.8819846425
56,"void rocsparse::csrmmnt_row_split_subwfsize_x_loop_columns_kernel<256u, 16u, 8u, 8u, float, int, int, float, float, float>(rocsparse::const_host_device_scalar<float>, rocsparse::const_host_device_scalar<float>, bool, int, int, int, int, long, long, long, long, long, long, int const*, int const*, float const*, float const*, float*, rocsparse_order_, rocsparse_index_base_, bool, bool) [clone .kd]",2,0,81,4037151,4037151,262144,256,0,0,88,0,48,64,0x0,0x7f5f67e8dcc0,4096.0000000000,100667.0000000000,5461.0000000000,0.0000000000,0.0000000000
57,"void rocsparse::csrmmnt_row_split_subwfsize_x_loop_columns_kernel<256u, 16u, 8u, 8u, float, int, int, float, float, float>(rocsparse::const_host_device_scalar<float>, rocsparse::const_host_device_scalar<float>, bool, int, int, int, int, long, long, long, long, long, long, int const*, int const*, float const*, float const*, float*, rocsparse_order_, rocsparse_index_base_, bool, bool) [clone .kd]",2,0,84,4037151,4037151,262144,256,0,0,88,0,48,64,0x0,0x7f5f67e8dcc0,4096.0000000000,100667.0000000000,5461.0000000000,0.0000000000,0.0000000000
58,"void rocsparse::csrmmnt_row_split_subwfsize_x_loop_columns_kernel<256u, 16u, 8u, 8u, float, int, int, float, float, float>(rocsparse::const_host_device_scalar<float>, rocsparse::const_host_device_scalar<float>, bool, int, int, int, int, long, long, long, long, long, long, int const*, int const*, float const*, float const*, float*, rocsparse_order_, rocsparse_index_base_, bool, bool) [clone .kd]",2,0,85,4037151,4037151,262144,256,0,0,88,0,48,64,0x0,0x7f5f67e8dcc0,4096.0000000000,100667.0000000000,5461.0000000000,0.0000000000,0.0000000000
59,"void rocsparse::csrmmnt_row_split_subwfsize_x_loop_columns_kernel<256u, 16u, 8u, 8u, float, int, int, float, float, float>(rocsparse::const_host_device_scalar<float>, rocsparse::const_host_device_scalar<float>, bool, int, int, int, int, long, long, long, long, long, long, int const*, int const*, float const*, float const*, float*, rocsparse_order_, rocsparse_index_base_, bool, bool) [clone .kd]",2,0,86,4037151,4037151,262144,256,0,0,88,0,48,64,0x0,0x7f5f67e8dcc0,4096.0000000000,100667.0000000000,5461.0000000000,0.0000000000,0.0000000000
60,"void rocsparse::csrmmnt_row_split_subwfsize_x_loop_columns_kernel<256u, 16u, 8u, 8u, float, int, int, float, float, float>(rocsparse::const_host_device_scalar<float>, rocsparse::const_host_device_scalar<float>, bool, int, int, int, int, long, long, long, long, long, long, int const*, int const*, float const*, float const*, float*, rocsparse_order_, rocsparse_index_base_, bool, bool) [clone .kd]",2,0,87,4037151,4037151,262144,256,0,0,88,0,48,64,0x0,0x7f5f67e8dcc0,4096.0000000000,100667.0000000000,5461.0000000000,0.0000000000,0.0000000000
61,"void rocsparse::csrmmnt_row_split_subwfsize_x_loop_columns_kernel<256u, 16u, 8u, 8u, float, int, int, float, float, float>(rocsparse::const_host_device_scalar<float>, rocsparse::const_host_device_scalar<float>, bool, int, int, int, int, long, long, long, long, long, long, int const*, int const*, float const*, float const*, float*, rocsparse_order_, rocsparse_index_base_, bool, bool) [clone .kd]",2,0,88,4037151,4037151,262144,256,0,0,88,0,48,64,0x0,0x7f5f67e8dcc0,4096.0000000000,100667.0000000000,5461.0000000000,0.0000000000,0.0000000000
62,"void rocsparse::csrmmnt_row_split_subwfsize_x_loop_columns_kernel<256u, 16u, 8u, 8u, float, int, int, float, float, float>(rocsparse::const_host_device_scalar<float>, rocsparse::const_host_device_scalar<float>, bool, int, int, int, int, long, long, long, long, long, long, int const*, int const*, float const*, float const*, float*, rocsparse_order_, rocsparse_index_base_, bool, bool) [clone .kd]",2,0,89,4037151,4037151,262144,256,0,0,88,0,48,64,0x0,0x7f5f67e8dcc0,4096.0000000000,100667.0000000000,5461.0000000000,0.0000000000,0.0000000000
63,"void rocsparse::csrmmnt_row_split_subwfsize_x_loop_columns_kernel<256u, 16u, 8u, 8u, float, int, int, float, float, float>(rocsparse::const_host_device_scalar<float>, rocsparse::const_host_device_scalar<float>, bool, int, int, int, int, long, long, long, long, long, long, int const*, int const*, float const*, float const*, float*, rocsparse_order_, rocsparse_index_base_, bool, bool) [clone .kd]",2,0,90,4037151,4037151,262144,256,0,0,88,0,48,64,0x0,0x7f5f67e8dcc0,4096.0000000000,100667.0000000000,5461.0000000000,0.0000000000,0.0000000000
64,"void rocsparse::csrmmnt_row_split_subwfsize_x_loop_columns_kernel<256u, 16u, 8u, 8u, float, int, int, float, float, float>(rocsparse::const_host_device_scalar<float>, rocsparse::const_host_device_scalar<float>, bool, int, int, int, int, long, long, long, long, long, long, int const*, int const*, float const*, float const*, float*, rocsparse_order_, rocsparse_index_base_, bool, bool) [clone .kd]",2,0,91,4037151,4037151,262144,256,0,0,88,0,48,64,0x0,0x7f5f67e8dcc0,4096.0000000000,100667.0000000000,5461.0000000000,0.0000000000,0.0000000000
65,"void rocsparse::csrmmnt_row_split_subwfsize_x_loop_columns_kernel<256u, 16u, 8u, 8u, float, int, int, float, float, float>(rocsparse::const_host_device_scalar<float>, rocsparse::const_host_device_scalar<float>, bool, int, int, int, int, long, long, long, long, long, long, int const*, int const*, float const*, float const*, float*, rocsparse_order_, rocsparse_index_base_, bool, bool) [clone .kd]",2,0,92,4037151,4037151,262144,256,0,0,88,0,48,64,0x0,0x7f5f67e8dcc0,4096.0000000000,100667.0000000000,5461.0000000000,0.0000000000,0.0000000000
66,"void rocsparse::csrmmnt_row_split_subwfsize_x_loop_columns_kernel<256u, 16u, 8u, 8u, float, int, int, float, float, float>(rocsparse::const_host_device_scalar<float>, rocsparse::const_host_device_scalar<float>, bool, int, int, int, int, long, long, long, long, long, long, int const*, int const*, float const*, float const*, float*, rocsparse_order_, rocsparse_index_base_, bool, bool) [clone .kd]",2,0,93,4037151,4037151,262144,256,0,0,88,0,48,64,0x0,0x7f5f67e8dcc0,4096.0000000000,100667.0000000000,5461.0000000000,0.0000000000,0.0000000000
67,"void rocsparse::bsrmm_large_blockdim_kernel_ext<16u, 16u, 2u, int, int, float, float, float, float>(bool, rocsparse_direction_, int, int, long, long, rocsparse::const_host_device_scalar<float>, int const*, int const*, float const*, int, float const*, long, long, rocsparse::const_host_device_scalar<float>, float*, long, long, rocsparse_order_, rocsparse_index_base_, bool) [clone .kd]",2,0,96,4037151,4037151,1048576,256,3072,0,40,0,48,64,0x0,0x7f5f66bb79c0,16384.0000000000,33726.2500000000,17110.5000000000,0.0000000000,58.6690685703
68,"Cijk_Ailk_Bljk_SB_MT64x32x32_MI16x16x4x1_SE_1LDSB0_APM1_ABV0_ACED0_AF0EM1_AF1EM1_AMAS0_ASE_ASGT_ASLT_ASM_ASAE01_ASCE01_ASEM1_AAC0_BL1_BS1_CLR0_DTLA0_DTLB0_DTVA0_DTVB0_DVO0_ETSP_EPS0_ELFLR0_EMLL0_FSSC10_FL0_GLVWA2_GLVWB2_GRCGA1_GRCGB1_GRPM1_GRVW2_GSU1_GSUASB_GLS0_ISA90a_IU1_K1_KLA_LBSPPA0_LBSPPB128_LPA0_LPB2_LDL1_LRVW2_LWPMn1_LDW0_MAC_MIAV0_MDA2_MO40_MMFGLC_MKFGSU256_NTA0_NTB0_NTC0_NTD0_NEPBS0_NLCA1_NLCB1_ONLL1_OPLV0_PK0_PAP0_PGR2_PLR9_PKA0_SIA3_SLW1_SS0_SU0_SUM0_SUS0_SCIUI1_SPO0_SRVW2_SSO0_SVW4_SNLL0_TSGRA0_TSGRB0_TT2_16_TLDS1_UMLDSA0_UMLDSB1_U64SL1_USFGROn1_VAW1_VSn1_VW1_VWB1_VFLRP0_WSGRA1_WSGRB1_WS64_WG32_8_1_WGM15.kd",2,0,100,4037151,4037151,262144,256,29184,0,120,136,64,64,0x0,0x7f5e03324a00,4096.0000000000,10395.0000000000,7284.0000000000,3072.0000000000,6.6087850070
69,"Cijk_Ailk_Bljk_SB_MT64x32x32_MI16x16x4x1_SE_1LDSB0_APM1_ABV0_ACED0_AF0EM1_AF1EM1_AMAS0_ASE_ASGT_ASLT_ASM_ASAE01_ASCE01_ASEM1_AAC0_BL1_BS1_CLR0_DTLA0_DTLB0_DTVA0_DTVB0_DVO0_ETSP_EPS0_ELFLR0_EMLL0_FSSC10_FL0_GLVWA2_GLVWB2_GRCGA1_GRCGB1_GRPM1_GRVW2_GSU1_GSUASB_GLS0_ISA90a_IU1_K1_KLA_LBSPPA0_LBSPPB128_LPA0_LPB2_LDL1_LRVW2_LWPMn1_LDW0_MAC_MIAV0_MDA2_MO40_MMFGLC_MKFGSU256_NTA0_NTB0_NTC0_NTD0_NEPBS0_NLCA1_NLCB1_ONLL1_OPLV0_PK0_PAP0_PGR2_PLR9_PKA0_SIA3_SLW1_SS0_SU0_SUM0_SUS0_SCIUI1_SPO0_SRVW2_SSO0_SVW4_SNLL0_TSGRA0_TSGRB0_TT2_16_TLDS1_UMLDSA0_UMLDSB1_U64SL1_USFGROn1_VAW1_VSn1_VW1_VWB1_VFLRP0_WSGRA1_WSGRB1_WS64_WG32_8_1_WGM15.kd",2,0,103,4037151,4037151,262144,256,29184,0,120,136,64,64,0x0,0x7f5e03324a00,4096.0000000000,10395.0000000000,7284.0000000000,3072.0000000000,6.6092277009
70,"Cijk_Ailk_Bljk_SB_MT64x32x32_MI16x16x4x1_SE_1LDSB0_APM1_ABV0_ACED0_AF0EM1_AF1EM1_AMAS0_ASE_ASGT_ASLT_ASM_ASAE01_ASCE01_ASEM1_AAC0_BL1_BS1_CLR0_DTLA0_DTLB0_DTVA0_DTVB0_DVO0_ETSP_EPS0_ELFLR0_EMLL0_FSSC10_FL0_GLVWA2_GLVWB2_GRCGA1_GRCGB1_GRPM1_GRVW2_GSU1_GSUASB_GLS0_ISA90a_IU1_K1_KLA_LBSPPA0_LBSPPB128_LPA0_LPB2_LDL1_LRVW2_LWPMn1_LDW0_MAC_MIAV0_MDA2_MO40_MMFGLC_MKFGSU256_NTA0_NTB0_NTC0_NTD0_NEPBS0_NLCA1_NLCB1_ONLL1_OPLV0_PK0_PAP0_PGR2_PLR9_PKA0_SIA3_SLW1_SS0_SU0_SUM0_SUS0_SCIUI1_SPO0_SRVW2_SSO0_SVW4_SNLL0_TSGRA0_TSGRB0_TT2_16_TLDS1_UMLDSA0_UMLDSB1_U64SL1_USFGROn1_VAW1_VSn1_VW1_VWB1_VFLRP0_WSGRA1_WSGRB1_WS64_WG32_8_1_WGM15.kd",2,0,104,4037151,4037151,262144,256,29184,0,120,136,64,64,0x0,0x7f5e03324a00,4096.0000000000,10395.0000000000,7284.0000000000,3072.0000000000,6.5412941393
71,"Cijk_Ailk_Bljk_SB_MT64x32x32_MI16x16x4x1_SE_1LDSB0_APM1_ABV0_ACED0_AF0EM1_AF1EM1_AMAS0_ASE_ASGT_ASLT_ASM_ASAE01_ASCE01_ASEM1_AAC0_BL1_BS1_CLR0_DTLA0_DTLB0_DTVA0_DTVB0_DVO0_ETSP_EPS0_ELFLR0_EMLL0_FSSC10_FL0_GLVWA2_GLVWB2_GRCGA1_GRCGB1_GRPM1_GRVW2_GSU1_GSUASB_GLS0_ISA90a_IU1_K1_KLA_LBSPPA0_LBSPPB128_LPA0_LPB2_LDL1_LRVW2_LWPMn1_LDW0_MAC_MIAV0_MDA2_MO40_MMFGLC_MKFGSU256_NTA0_NTB0_NTC0_NTD0_NEPBS0_NLCA1_NLCB1_ONLL1_OPLV0_PK0_PAP0_PGR2_PLR9_PKA0_SIA3_SLW1_SS0_SU0_SUM0_SUS0_SCIUI1_SPO0_SRVW2_SSO0_SVW4_SNLL0_TSGRA0_TSGRB0_TT2_16_TLDS1_UMLDSA0_UMLDSB1_U64SL1_USFGROn1_VAW1_VSn1_VW1_VWB1_VFLRP0_WSGRA1_WSGRB1_WS64_WG32_8_1_WGM15.kd",2,0,105,4037151,4037151,262144,256,29184,0,120,136,64,64,0x0,0x7f5e03324a00,4096.0000000000,10395.0000000000,7284.0000000000,3072.0000000000,6.6276111027
72,"Cijk_Ailk_Bljk_SB_MT64x32x32_MI16x16x4x1_SE_1LDSB0_APM1_ABV0_ACED0_AF0EM1_AF1EM1_AMAS0_ASE_ASGT_ASLT_ASM_ASAE01_ASCE01_ASEM1_AAC0_BL1_BS1_CLR0_DTLA0_DTLB0_DTVA0_DTVB0_DVO0_ETSP_EPS0_ELFLR0_EMLL0_FSSC10_FL0_GLVWA2_GLVWB2_GRCGA1_GRCGB1_GRPM1_GRVW2_GSU1_GSUASB_GLS0_ISA90a_IU1_K1_KLA_LBSPPA0_LBSPPB128_LPA0_LPB2_LDL1_LRVW2_LWPMn1_LDW0_MAC_MIAV0_MDA2_MO40_MMFGLC_MKFGSU256_NTA0_NTB0_NTC0_NTD0_NEPBS0_NLCA1_NLCB1_ONLL1_OPLV0_PK0_PAP0_PGR2_PLR9_PKA0_SIA3_SLW1_SS0_SU0_SUM0_SUS0_SCIUI1_SPO0_SRVW2_SSO0_SVW4_SNLL0_TSGRA0_TSGRB0_TT2_16_TLDS1_UMLDSA0_UMLDSB1_U64SL1_USFGROn1_VAW1_VSn1_VW1_VWB1_VFLRP0_WSGRA1_WSGRB1_WS64_WG32_8_1_WGM15.kd",2,0,106,4037151,4037151,262144,256,29184,0,120,136,64,64,0x0,0x7f5e03324a00,4096.0000000000,10395.0000000000,7284.0000000000,3072.0000000000,6.5135250790
73,"Cijk_Ailk_Bljk_SB_MT64x32x32_MI16x16x4x1_SE_1LDSB0_APM1_ABV0_ACED0_AF0EM1_AF1EM1_AMAS0_ASE_ASGT_ASLT_ASM_ASAE01_ASCE01_ASEM1_AAC0_BL1_BS1_CLR0_DTLA0_DTLB0_DTVA0_DTVB0_DVO0_ETSP_EPS0_ELFLR0_EMLL0_FSSC10_FL0_GLVWA2_GLVWB2_GRCGA1_GRCGB1_GRPM1_GRVW2_GSU1_GSUASB_GLS0_ISA90a_IU1_K1_KLA_LBSPPA0_LBSPPB128_LPA0_LPB2_LDL1_LRVW2_LWPMn1_LDW0_MAC_MIAV0_MDA2_MO40_MMFGLC_MKFGSU256_NTA0_NTB0_NTC0_NTD0_NEPBS0_NLCA1_NLCB1_ONLL1_OPLV0_PK0_PAP0_PGR2_PLR9_PKA0_SIA3_SLW1_SS0_SU0_SUM0_SUS0_SCIUI1_SPO0_SRVW2_SSO0_SVW4_SNLL0_TSGRA0_TSGRB0_TT2_16_TLDS1_UMLDSA0_UMLDSB1_U64SL1_USFGROn1_VAW1_VSn1_VW1_VWB1_VFLRP0_WSGRA1_WSGRB1_WS64_WG32_8_1_WGM15.kd",2,0,107,4037151,4037151,262144,256,29184,0,120,136,64,64,0x0,0x7f5e03324a00,4096.0000000000,10395.0000000000,7284.0000000000,3072.0000000000,6.4465602559
74,"Cijk_Ailk_Bljk_SB_MT64x32x32_MI16x16x4x1_SE_1LDSB0_APM1_ABV0_ACED0_AF0EM1_AF1EM1_AMAS0_ASE_ASGT_ASLT_ASM_ASAE01_ASCE01_ASEM1_AAC0_BL1_BS1_CLR0_DTLA0_DTLB0_DTVA0_DTVB0_DVO0_ETSP_EPS0_ELFLR0_EMLL0_FSSC10_FL0_GLVWA2_GLVWB2_GRCGA1_GRCGB1_GRPM1_GRVW2_GSU1_GSUASB_GLS0_ISA90a_IU1_K1_KLA_LBSPPA0_LBSPPB128_LPA0_LPB2_LDL1_LRVW2_LWPMn1_LDW0_MAC_MIAV0_MDA2_MO40_MMFGLC_MKFGSU256_NTA0_NTB0_NTC0_NTD0_NEPBS0_NLCA1_NLCB1_ONLL1_OPLV0_PK0_PAP0_PGR2_PLR9_PKA0_SIA3_SLW1_SS0_SU0_SUM0_SUS0_SCIUI1_SPO0_SRVW2_SSO0_SVW4_SNLL0_TSGRA0_TSGRB0_TT2_16_TLDS1_UMLDSA0_UMLDSB1_U64SL1_USFGROn1_VAW1_VSn1_VW1_VWB1_VFLRP0_WSGRA1_WSGRB1_WS64_WG32_8_1_WGM15.kd",2,0,108,4037151,4037151,262144,256,29184,0,120,136,64,64,0x0,0x7f5e03324a00,4096.0000000000,10395.0000000000,7284.0000000000,3072.0000000000,6.5306858133
75,"Cijk_Ailk_Bljk_SB_MT64x32x32_MI16x16x4x1_SE_1LDSB0_APM1_ABV0_ACED0_AF0EM1_AF1EM1_AMAS0_ASE_ASGT_ASLT_ASM_ASAE01_ASCE01_ASEM1_AAC0_BL1_BS1_CLR0_DTLA0_DTLB0_DTVA0_DTVB0_DVO0_ETSP_EPS0_ELFLR0_EMLL0_FSSC10_FL0_GLVWA2_GLVWB2_GRCGA1_GRCGB1_GRPM1_GRVW2_GSU1_GSUASB_GLS0_ISA90a_IU1_K1_KLA_LBSPPA0_LBSPPB128_LPA0_LPB2_LDL1_LRVW2_LWPMn1_LDW0_MAC_MIAV0_MDA2_MO40_MMFGLC_MKFGSU256_NTA0_NTB0_NTC0_NTD0_NEPBS0_NLCA1_NLCB1_ONLL1_OPLV0_PK0_PAP0_PGR2_PLR9_PKA0_SIA3_SLW1_SS0_SU0_SUM0_SUS0_SCIUI1_SPO0_SRVW2_SSO0_SVW4_SNLL0_TSGRA0_TSGRB0_TT2_16_TLDS1_UMLDSA0_UMLDSB1_U64SL1_USFGROn1_VAW1_VSn1_VW1_VWB1_VFLRP0_WSGRA1_WSGRB1_WS64_WG32_8_1_WGM15.kd",2,0,109,4037151,4037151,262144,256,29184,0,120,136,64,64,0x0,0x7f5e03324a00,4096.0000000000,10395.0000000000,7284.0000000000,3072.0000000000,6.5845708376
76,"Cijk_Ailk_Bljk_SB_MT64x32x32_MI16x16x4x1_SE_1LDSB0_APM1_ABV0_ACED0_AF0EM1_AF1EM1_AMAS0_ASE_ASGT_ASLT_ASM_ASAE01_ASCE01_ASEM1_AAC0_BL1_BS1_CLR0_DTLA0_DTLB0_DTVA0_DTVB0_DVO0_ETSP_EPS0_ELFLR0_EMLL0_FSSC10_FL0_GLVWA2_GLVWB2_GRCGA1_GRCGB1_GRPM1_GRVW2_GSU1_GSUASB_GLS0_ISA90a_IU1_K1_KLA_LBSPPA0_LBSPPB128_LPA0_LPB2_LDL1_LRVW2_LWPMn1_LDW0_MAC_MIAV0_MDA2_MO40_MMFGLC_MKFGSU256_NTA0_NTB0_NTC0_NTD0_NEPBS0_NLCA1_NLCB1_ONLL1_OPLV0_PK0_PAP0_PGR2_PLR9_PKA0_SIA3_SLW1_SS0_SU0_SUM0_SUS0_SCIUI1_SPO0_SRVW2_SSO0_SVW4_SNLL0_TSGRA0_TSGRB0_TT2_16_TLDS1_UMLDSA0_UMLDSB1_U64SL1_USFGROn1_VAW1_VSn1_VW1_VWB1_VFLRP0_WSGRA1_WSGRB1_WS64_WG32_8_1_WGM15.kd",2,0,110,4037151,4037151,262144,256,29184,0,120,136,64,64,0x0,0x7f5e03324a00,4096.0000000000,10395.0000000000,7284.0000000000,3072.0000000000,6.5433072754
77,"Cijk_Ailk_Bljk_SB_MT64x32x32_MI16x16x4x1_SE_1LDSB0_APM1_ABV0_ACED0_AF0EM1_AF1EM1_AMAS0_ASE_ASGT_ASLT_ASM_ASAE01_ASCE01_ASEM1_AAC0_BL1_BS1_CLR0_DTLA0_DTLB0_DTVA0_DTVB0_DVO0_ETSP_EPS0_ELFLR0_EMLL0_FSSC10_FL0_GLVWA2_GLVWB2_GRCGA1_GRCGB1_GRPM1_GRVW2_GSU1_GSUASB_GLS0_ISA90a_IU1_K1_KLA_LBSPPA0_LBSPPB128_LPA0_LPB2_LDL1_LRVW2_LWPMn1_LDW0_MAC_MIAV0_MDA2_MO40_MMFGLC_MKFGSU256_NTA0_NTB0_NTC0_NTD0_NEPBS0_NLCA1_NLCB1_ONLL1_OPLV0_PK0_PAP0_PGR2_PLR9_PKA0_SIA3_SLW1_SS0_SU0_SUM0_SUS0_SCIUI1_SPO0_SRVW2_SSO0_SVW4_SNLL0_TSGRA0_TSGRB0_TT2_16_TLDS1_UMLDSA0_UMLDSB1_U64SL1_USFGROn1_VAW1_VSn1_VW1_VWB1_VFLRP0_WSGRA1_WSGRB1_WS64_WG32_8_1_WGM15.kd",2,0,111,4037151,4037151,262144,256,29184,0,120,136,64,64,0x0,0x7f5e03324a00,4096.0000000000,10395.0000000000,7284.0000000000,3072.0000000000,6.6438313792
78,"Cijk_Ailk_Bljk_SB_MT64x32x32_MI16x16x4x1_SE_1LDSB0_APM1_ABV0_ACED0_AF0EM1_AF1EM1_AMAS0_ASE_ASGT_ASLT_ASM_ASAE01_ASCE01_ASEM1_AAC0_BL1_BS1_CLR0_DTLA0_DTLB0_DTVA0_DTVB0_DVO0_ETSP_EPS0_ELFLR0_EMLL0_FSSC10_FL0_GLVWA2_GLVWB2_GRCGA1_GRCGB1_GRPM1_GRVW2_GSU1_GSUASB_GLS0_ISA90a_IU1_K1_KLA_LBSPPA0_LBSPPB128_LPA0_LPB2_LDL1_LRVW2_LWPMn1_LDW0_MAC_MIAV0_MDA2_MO40_MMFGLC_MKFGSU256_NTA0_NTB0_NTC0_NTD0_NEPBS0_NLCA1_NLCB1_ONLL1_OPLV0_PK0_PAP0_PGR2_PLR9_PKA0_SIA3_SLW1_SS0_SU0_SUM0_SUS0_SCIUI1_SPO0_SRVW2_SSO0_SVW4_SNLL0_TSGRA0_TSGRB0_TT2_16_TLDS1_UMLDSA0_UMLDSB1_U64SL1_USFGROn1_VAW1_VSn1_VW1_VWB1_VFLRP0_WSGRA1_WSGRB1_WS64_WG32_8_1_WGM15.kd",2,0,112,4037151,4037151,262144,256,29184,0,120,136,64,64,0x0,0x7f5e03324a00,4096.0000000000,10395.0000000000,7284.0000000000,3072.0000000000,6.4911621703
79,"__amd_rocclr_copyBuffer.kd",2,0,115,4037151,4037151,512,512,0,0,20,4,32,64,0x7f5f67dff100,0x7f5f67fbd940,8.0000000000,18.1250000000,17.7500000000,0.0000000000,0.0000000000
80,"void xspmm::kernels::bcsr_spmm_core_kernel<float, float, int, 16, 16, 16>(int const*, int const*, float const*, float const*, float*, int, int, int, int, int) [clone .kd]",2,0,119,4037151,4037151,524288,256,18432,0,36,4,32,64,0x0,0x7f5f67fa1880,8192.0000000000,1250.9179687500,1402.1757812500,0.0000000000,10.7057993577
81,"Cijk_Ailk_Bljk_SB_MT64x32x32_MI16x16x4x1_SE_1LDSB0_APM1_ABV0_ACED0_AF0EM1_AF1EM1_AMAS0_ASE_ASGT_ASLT_ASM_ASAE01_ASCE01_ASEM1_AAC0_BL1_BS1_CLR0_DTLA0_DTLB0_DTVA0_DTVB0_DVO0_ETSP_EPS0_ELFLR0_EMLL0_FSSC10_FL0_GLVWA2_GLVWB2_GRCGA1_GRCGB1_GRPM1_GRVW2_GSU1_GSUASB_GLS0_ISA90a_IU1_K1_KLA_LBSPPA0_LBSPPB128_LPA0_LPB2_LDL1_LRVW2_LWPMn1_LDW0_MAC_MIAV0_MDA2_MO40_MMFGLC_MKFGSU256_NTA0_NTB0_NTC0_NTD0_NEPBS0_NLCA1_NLCB1_ONLL1_OPLV0_PK0_PAP0_PGR2_PLR9_PKA0_SIA3_SLW1_SS0_SU0_SUM0_SUS0_SCIUI1_SPO0_SRVW2_SSO0_SVW4_SNLL0_TSGRA0_TSGRB0_TT2_16_TLDS1_UMLDSA0_UMLDSB1_U64SL1_USFGROn1_VAW1_VSn1_VW1_VWB1_VFLRP0_WSGRA1_WSGRB1_WS64_WG32_8_1_WGM15.kd",2,0,120,4037151,4037151,262144,256,29184,0,120,136,64,64,0x0,0x7f5e03324a00,4096.0000000000,10395.0000000000,7284.0000000000,3072.0000000000,6.3699060913
82,"void xspmm::kernels::bcsr_spmm_core_kernel<float, float, int, 16, 16, 16>(int const*, int const*, float const*, float const*, float*, int, int, int, int, int) [clone .kd]",2,0,122,4037151,4037151,524288,256,18432,0,36,4,32,64,0x0,0x7f5f67fa1880,8192.0000000000,1250.9179687500,1402.1757812500,0.0000000000,10.7735345519
83,"void xspmm::kernels::bcsr_spmm_core_kernel<float, float, int, 16, 16, 16>(int const*, int const*, float const*, float const*, float*, int, int, int, int, int) [clone .kd]",2,0,125,4037151,4037151,524288,256,18432,0,36,4,32,64,0x0,0x7f5f67fa1880,8192.0000000000,1250.9179687500,1402.1757812500,0.0000000000,10.7973882293
84,"void xspmm::kernels::bcsr_spmm_core_kernel<float, float, int, 16, 16, 16>(int const*, int const*, float const*, float const*, float*, int, int, int, int, int) [clone .kd]",2,0,126,4037151,4037151,524288,256,18432,0,36,4,32,64,0x0,0x7f5f67fa1880,8192.0000000000,1250.9179687500,1402.1757812500,0.0000000000,10.6943384587
85,"void xspmm::kernels::bcsr_spmm_core_kernel<float, float, int, 16, 16, 16>(int const*, int const*, float const*, float const*, float*, int, int, int, int, int) [clone .kd]",2,0,127,4037151,4037151,524288,256,18432,0,36,4,32,64,0x0,0x7f5f67fa1880,8192.0000000000,1250.9179687500,1402.1757812500,0.0000000000,10.7318860296
86,"void xspmm::kernels::bcsr_spmm_core_kernel<float, float, int, 16, 16, 16>(int const*, int const*, float const*, float const*, float*, int, int, int, int, int) [clone .kd]",2,0,128,4037151,4037151,524288,256,18432,0,36,4,32,64,0x0,0x7f5f67fa1880,8192.0000000000,1250.9179687500,1402.1757812500,0.0000000000,10.7721087944
87,"void xspmm::kernels::bcsr_spmm_core_kernel<float, float, int, 16, 16, 16>(int const*, int const*, float const*, float const*, float*, int, int, int, int, int) [clone .kd]",2,0,129,4037151,4037151,524288,256,18432,0,36,4,32,64,0x0,0x7f5f67fa1880,8192.0000000000,1250.9179687500,1402.1757812500,0.0000000000,10.7547483973
88,"void xspmm::kernels::bcsr_spmm_core_kernel<float, float, int, 16, 16, 16>(int const*, int const*, float const*, float const*, float*, int, int, int, int, int) [clone .kd]",2,0,130,4037151,4037151,524288,256,18432,0,36,4,32,64,0x0,0x7f5f67fa1880,8192.0000000000,1250.9179687500,1402.1757812500,0.0000000000,10.7696805949
89,"void xspmm::kernels::bcsr_spmm_core_kernel<float, float, int, 16, 16, 16>(int const*, int const*, float const*, float const*, float*, int, int, int, int, int) [clone .kd]",2,0,131,4037151,4037151,524288,256,18432,0,36,4,32,64,0x0,0x7f5f67fa1880,8192.0000000000,1250.9179687500,1402.1757812500,0.0000000000,10.7439352897
90,"void xspmm::kernels::bcsr_spmm_core_kernel<float, float, int, 16, 16, 16>(int const*, int const*, float const*, float const*, float*, int, int, int, int, int) [clone .kd]",2,0,132,4037151,4037151,524288,256,18432,0,36,4,32,64,0x0,0x7f5f67fa1880,8192.0000000000,1250.9179687500,1402.1757812500,0.0000000000,10.7666908391
91,"void xspmm::kernels::bcsr_spmm_core_kernel<float, float, int, 16, 16, 16>(int const*, int const*, float const*, float const*, float*, int, int, int, int, int) [clone .kd]",2,0,133,4037151,4037151,524288,256,18432,0,36,4,32,64,0x0,0x7f5f67fa1880,8192.0000000000,1250.9179687500,1402.1757812500,0.0000000000,10.7662337287
92,"void xspmm::kernels::bcsr_spmm_core_kernel<float, float, int, 16, 16, 16>(int const*, int const*, float const*, float const*, float*, int, int, int, int, int) [clone .kd]",2,0,134,4037151,4037151,524288,256,18432,0,36,4,32,64,0x0,0x7f5f67fa1880,8192.0000000000,1250.9179687500,1402.1757812500,0.0000000000,10.7495056171
93,"void rocsparse::csrmmnt_row_split_subwfsize_x_loop_columns_kernel<256u, 16u, 8u, 8u, float, int, int, float, float, float>(rocsparse::const_host_device_scalar<float>, rocsparse::const_host_device_scalar<float>, bool, int, int, int, int, long, long, long, long, long, long, int const*, int const*, float const*, float const*, float*, rocsparse_order_, rocsparse_index_base_, bool, bool) [clone .kd]",2,0,136,4037151,4037151,262144,256,0,0,88,0,48,64,0x0,0x7f5f67e8dcc0,4096.0000000000,11649.9687500000,692.2304687500,0.0000000000,0.0000000000
94,"void rocsparse::csrmmnt_row_split_subwfsize_x_loop_columns_kernel<256u, 16u, 8u, 8u, float, int, int, float, float, float>(rocsparse::const_host_device_scalar<float>, rocsparse::const_host_device_scalar<float>, bool, int, int, int, int, long, long, long, long, long, long, int const*, int const*, float const*, float const*, float*, rocsparse_order_, rocsparse_index_base_, bool, bool) [clone .kd]",2,0,139,4037151,4037151,262144,256,0,0,88,0,48,64,0x0,0x7f5f67e8dcc0,4096.0000000000,11649.9687500000,692.2304687500,0.0000000000,0.0000000000
95,"void rocsparse::csrmmnt_row_split_subwfsize_x_loop_columns_kernel<256u, 16u, 8u, 8u, float, int, int, float, float, float>(rocsparse::const_host_device_scalar<float>, rocsparse::const_host_device_scalar<float>, bool, int, int, int, int, long, long, long, long, long, long, int const*, int const*, float const*, float const*, float*, rocsparse_order_, rocsparse_index_base_, bool, bool) [clone .kd]",2,0,140,4037151,4037151,262144,256,0,0,88,0,48,64,0x0,0x7f5f67e8dcc0,4096.0000000000,11649.9687500000,692.2304687500,0.0000000000,0.0000000000
96,"void rocsparse::csrmmnt_row_split_subwfsize_x_loop_columns_kernel<256u, 16u, 8u, 8u, float, int, int, float, float, float>(rocsparse::const_host_device_scalar<float>, rocsparse::const_host_device_scalar<float>, bool, int, int, int, int, long, long, long, long, long, long, int const*, int const*, float const*, float const*, float*, rocsparse_order_, rocsparse_index_base_, bool, bool) [clone .kd]",2,0,141,4037151,4037151,262144,256,0,0,88,0,48,64,0x0,0x7f5f67e8dcc0,4096.0000000000,11649.9687500000,692.2304687500,0.0000000000,0.0000000000
97,"void rocsparse::csrmmnt_row_split_subwfsize_x_loop_columns_kernel<256u, 16u, 8u, 8u, float, int, int, float, float, float>(rocsparse::const_host_device_scalar<float>, rocsparse::const_host_device_scalar<float>, bool, int, int, int, int, long, long, long, long, long, long, int const*, int const*, float const*, float const*, float*, rocsparse_order_, rocsparse_index_base_, bool, bool) [clone .kd]",2,0,142,4037151,4037151,262144,256,0,0,88,0,48,64,0x0,0x7f5f67e8dcc0,4096.0000000000,11649.9687500000,692.2304687500,0.0000000000,0.0000000000
98,"void rocsparse::csrmmnt_row_split_subwfsize_x_loop_columns_kernel<256u, 16u, 8u, 8u, float, int, int, float, float, float>(rocsparse::const_host_device_scalar<float>, rocsparse::const_host_device_scalar<float>, bool, int, int, int, int, long, long, long, long, long, long, int const*, int const*, float const*, float const*, float*, rocsparse_order_, rocsparse_index_base_, bool, bool) [clone .kd]",2,0,143,4037151,4037151,262144,256,0,0,88,0,48,64,0x0,0x7f5f67e8dcc0,4096.0000000000,11649.9687500000,692.2304687500,0.0000000000,0.0000000000
99,"void rocsparse::csrmmnt_row_split_subwfsize_x_loop_columns_kernel<256u, 16u, 8u, 8u, float, int, int, float, float, float>(rocsparse::const_host_device_scalar<float>, rocsparse::const_host_device_scalar<float>, bool, int, int, int, int, long, long, long, long, long, long, int const*, int const*, float const*, float const*, float*, rocsparse_order_, rocsparse_index_base_, bool, bool) [clone .kd]",2,0,144,4037151,4037151,262144,256,0,0,88,0,48,64,0x0,0x7f5f67e8dcc0,4096.0000000000,11649.9687500000,692.2304687500,0.0000000000,0.0000000000
100,"void rocsparse::csrmmnt_row_split_subwfsize_x_loop_columns_kernel<256u, 16u, 8u, 8u, float, int, int, float, float, float>(rocsparse::const_host_device_scalar<float>, rocsparse::const_host_device_scalar<float>, bool, int, int, int, int, long, long, long, long, long, long, int const*, int const*, float const*, float const*, float*, rocsparse_order_, rocsparse_index_base_, bool, bool) [clone .kd]",2,0,145,4037151,4037151,262144,256,0,0,88,0,48,64,0x0,0x7f5f67e8dcc0,4096.0000000000,11649.9687500000,692.2304687500,0.0000000000,0.0000000000
101,"void rocsparse::csrmmnt_row_split_subwfsize_x_loop_columns_kernel<256u, 16u, 8u, 8u, float, int, int, float, float, float>(rocsparse::const_host_device_scalar<float>, rocsparse::const_host_device_scalar<float>, bool, int, int, int, int, long, long, long, long, long, long, int const*, int const*, float const*, float const*, float*, rocsparse_order_, rocsparse_index_base_, bool, bool) [clone .kd]",2,0,146,4037151,4037151,262144,256,0,0,88,0,48,64,0x0,0x7f5f67e8dcc0,4096.0000000000,11649.9687500000,692.2304687500,0.0000000000,0.0000000000
102,"void rocsparse::csrmmnt_row_split_subwfsize_x_loop_columns_kernel<256u, 16u, 8u, 8u, float, int, int, float, float, float>(rocsparse::const_host_device_scalar<float>, rocsparse::const_host_device_scalar<float>, bool, int, int, int, int, long, long, long, long, long, long, int const*, int const*, float const*, float const*, float*, rocsparse_order_, rocsparse_index_base_, bool, bool) [clone .kd]",2,0,147,4037151,4037151,262144,256,0,0,88,0,48,64,0x0,0x7f5f67e8dcc0,4096.0000000000,11649.9687500000,692.2304687500,0.0000000000,0.0000000000
103,"void rocsparse::csrmmnt_row_split_subwfsize_x_loop_columns_kernel<256u, 16u, 8u, 8u, float, int, int, float, float, float>(rocsparse::const_host_device_scalar<float>, rocsparse::const_host_device_scalar<float>, bool, int, int, int, int, long, long, long, long, long, long, int const*, int const*, float const*, float const*, float*, rocsparse_order_, rocsparse_index_base_, bool, bool) [clone .kd]",2,0,148,4037151,4037151,262144,256,0,0,88,0,48,64,0x0,0x7f5f67e8dcc0,4096.0000000000,11649.9687500000,692.2304687500,0.0000000000,0.0000000000
104,"void rocsparse::bsrmm_large_blockdim_kernel_ext<16u, 16u, 2u, int, int, float, float, float, float>(bool, rocsparse_direction_, int, int, long, long, rocsparse::const_host_device_scalar<float>, int const*, int const*, float const*, int, float const*, long, long, rocsparse::const_host_device_scalar<float>, float*, long, long, rocsparse_order_, rocsparse_index_base_, bool) [clone .kd]",2,0,151,4037151,4037151,1048576,256,3072,0,40,0,48,64,0x0,0x7f5f66bb79c0,16384.0000000000,3993.5839843750,2045.9492187500,0.0000000000,57.4137368024
105,"Cijk_Ailk_Bljk_SB_MT64x32x32_MI16x16x4x1_SE_1LDSB0_APM1_ABV0_ACED0_AF0EM1_AF1EM1_AMAS0_ASE_ASGT_ASLT_ASM_ASAE01_ASCE01_ASEM1_AAC0_BL1_BS1_CLR0_DTLA0_DTLB0_DTVA0_DTVB0_DVO0_ETSP_EPS0_ELFLR0_EMLL0_FSSC10_FL0_GLVWA2_GLVWB2_GRCGA1_GRCGB1_GRPM1_GRVW2_GSU1_GSUASB_GLS0_ISA90a_IU1_K1_KLA_LBSPPA0_LBSPPB128_LPA0_LPB2_LDL1_LRVW2_LWPMn1_LDW0_MAC_MIAV0_MDA2_MO40_MMFGLC_MKFGSU256_NTA0_NTB0_NTC0_NTD0_NEPBS0_NLCA1_NLCB1_ONLL1_OPLV0_PK0_PAP0_PGR2_PLR9_PKA0_SIA3_SLW1_SS0_SU0_SUM0_SUS0_SCIUI1_SPO0_SRVW2_SSO0_SVW4_SNLL0_TSGRA0_TSGRB0_TT2_16_TLDS1_UMLDSA0_UMLDSB1_U64SL1_USFGROn1_VAW1_VSn1_VW1_VWB1_VFLRP0_WSGRA1_WSGRB1_WS64_WG32_8_1_WGM15.kd",2,0,155,4037151,4037151,262144,256,29184,0,120,136,64,64,0x0,0x7f5e03324a00,4096.0000000000,10395.0000000000,7284.0000000000,3072.0000000000,6.4324725714
106,"Cijk_Ailk_Bljk_SB_MT64x32x32_MI16x16x4x1_SE_1LDSB0_APM1_ABV0_ACED0_AF0EM1_AF1EM1_AMAS0_ASE_ASGT_ASLT_ASM_ASAE01_ASCE01_ASEM1_AAC0_BL1_BS1_CLR0_DTLA0_DTLB0_DTVA0_DTVB0_DVO0_ETSP_EPS0_ELFLR0_EMLL0_FSSC10_FL0_GLVWA2_GLVWB2_GRCGA1_GRCGB1_GRPM1_GRVW2_GSU1_GSUASB_GLS0_ISA90a_IU1_K1_KLA_LBSPPA0_LBSPPB128_LPA0_LPB2_LDL1_LRVW2_LWPMn1_LDW0_MAC_MIAV0_MDA2_MO40_MMFGLC_MKFGSU256_NTA0_NTB0_NTC0_NTD0_NEPBS0_NLCA1_NLCB1_ONLL1_OPLV0_PK0_PAP0_PGR2_PLR9_PKA0_SIA3_SLW1_SS0_SU0_SUM0_SUS0_SCIUI1_SPO0_SRVW2_SSO0_SVW4_SNLL0_TSGRA0_TSGRB0_TT2_16_TLDS1_UMLDSA0_UMLDSB1_U64SL1_USFGROn1_VAW1_VSn1_VW1_VWB1_VFLRP0_WSGRA1_WSGRB1_WS64_WG32_8_1_WGM15.kd",2,0,158,4037151,4037151,262144,256,29184,0,120,136,64,64,0x0,0x7f5e03324a00,4096.0000000000,10395.0000000000,7284.0000000000,3072.0000000000,6.4339913469
107,"Cijk_Ailk_Bljk_SB_MT64x32x32_MI16x16x4x1_SE_1LDSB0_APM1_ABV0_ACED0_AF0EM1_AF1EM1_AMAS0_ASE_ASGT_ASLT_ASM_ASAE01_ASCE01_ASEM1_AAC0_BL1_BS1_CLR0_DTLA0_DTLB0_DTVA0_DTVB0_DVO0_ETSP_EPS0_ELFLR0_EMLL0_FSSC10_FL0_GLVWA2_GLVWB2_GRCGA1_GRCGB1_GRPM1_GRVW2_GSU1_GSUASB_GLS0_ISA90a_IU1_K1_KLA_LBSPPA0_LBSPPB128_LPA0_LPB2_LDL1_LRVW2_LWPMn1_LDW0_MAC_MIAV0_MDA2_MO40_MMFGLC_MKFGSU256_NTA0_NTB0_NTC0_NTD0_NEPBS0_NLCA1_NLCB1_ONLL1_OPLV0_PK0_PAP0_PGR2_PLR9_PKA0_SIA3_SLW1_SS0_SU0_SUM0_SUS0_SCIUI1_SPO0_SRVW2_SSO0_SVW4_SNLL0_TSGRA0_TSGRB0_TT2_16_TLDS1_UMLDSA0_UMLDSB1_U64SL1_USFGROn1_VAW1_VSn1_VW1_VWB1_VFLRP0_WSGRA1_WSGRB1_WS64_WG32_8_1_WGM15.kd",2,0,159,4037151,4037151,262144,256,29184,0,120,136,64,64,0x0,0x7f5e03324a00,4096.0000000000,10395.0000000000,7284.0000000000,3072.0000000000,6.3751861812
108,"Cijk_Ailk_Bljk_SB_MT64x32x32_MI16x16x4x1_SE_1LDSB0_APM1_ABV0_ACED0_AF0EM1_AF1EM1_AMAS0_ASE_ASGT_ASLT_ASM_ASAE01_ASCE01_ASEM1_AAC0_BL1_BS1_CLR0_DTLA0_DTLB0_DTVA0_DTVB0_DVO0_ETSP_EPS0_ELFLR0_EMLL0_FSSC10_FL0_GLVWA2_GLVWB2_GRCGA1_GRCGB1_GRPM1_GRVW2_GSU1_GSUASB_GLS0_ISA90a_IU1_K1_KLA_LBSPPA0_LBSPPB128_LPA0_LPB2_LDL1_LRVW2_LWPMn1_LDW0_MAC_MIAV0_MDA2_MO40_MMFGLC_MKFGSU256_NTA0_NTB0_NTC0_NTD0_NEPBS0_NLCA1_NLCB1_ONLL1_OPLV0_PK0_PAP0_PGR2_PLR9_PKA0_SIA3_SLW1_SS0_SU0_SUM0_SUS0_SCIUI1_SPO0_SRVW2_SSO0_SVW4_SNLL0_TSGRA0_TSGRB0_TT2_16_TLDS1_UMLDSA0_UMLDSB1_U64SL1_USFGROn1_VAW1_VSn1_VW1_VWB1_VFLRP0_WSGRA1_WSGRB1_WS64_WG32_8_1_WGM15.kd",2,0,160,4037151,4037151,262144,256,29184,0,120,136,64,64,0x0,0x7f5e03324a00,4096.0000000000,10395.0000000000,7284.0000000000,3072.0000000000,6.2526135920
109,"Cijk_Ailk_Bljk_SB_MT64x32x32_MI16x16x4x1_SE_1LDSB0_APM1_ABV0_ACED0_AF0EM1_AF1EM1_AMAS0_ASE_ASGT_ASLT_ASM_ASAE01_ASCE01_ASEM1_AAC0_BL1_BS1_CLR0_DTLA0_DTLB0_DTVA0_DTVB0_DVO0_ETSP_EPS0_ELFLR0_EMLL0_FSSC10_FL0_GLVWA2_GLVWB2_GRCGA1_GRCGB1_GRPM1_GRVW2_GSU1_GSUASB_GLS0_ISA90a_IU1_K1_KLA_LBSPPA0_LBSPPB128_LPA0_LPB2_LDL1_LRVW2_LWPMn1_LDW0_MAC_MIAV0_MDA2_MO40_MMFGLC_MKFGSU256_NTA0_NTB0_NTC0_NTD0_NEPBS0_NLCA1_NLCB1_ONLL1_OPLV0_PK0_PAP0_PGR2_PLR9_PKA0_SIA3_SLW1_SS0_SU0_SUM0_SUS0_SCIUI1_SPO0_SRVW2_SSO0_SVW4_SNLL0_TSGRA0_TSGRB0_TT2_16_TLDS1_UMLDSA0_UMLDSB1_U64SL1_USFGROn1_VAW1_VSn1_VW1_VWB1_VFLRP0_WSGRA1_WSGRB1_WS64_WG32_8_1_WGM15.kd",2,0,161,4037151,4037151,262144,256,29184,0,120,136,64,64,0x0,0x7f5e03324a00,4096.0000000000,10395.0000000000,7284.0000000000,3072.0000000000,6.3436362940
110,"Cijk_Ailk_Bljk_SB_MT64x32x32_MI16x16x4x1_SE_1LDSB0_APM1_ABV0_ACED0_AF0EM1_AF1EM1_AMAS0_ASE_ASGT_ASLT_ASM_ASAE01_ASCE01_ASEM1_AAC0_BL1_BS1_CLR0_DTLA0_DTLB0_DTVA0_DTVB0_DVO0_ETSP_EPS0_ELFLR0_EMLL0_FSSC10_FL0_GLVWA2_GLVWB2_GRCGA1_GRCGB1_GRPM1_GRVW2_GSU1_GSUASB_GLS0_ISA90a_IU1_K1_KLA_LBSPPA0_LBSPPB128_LPA0_LPB2_LDL1_LRVW2_LWPMn1_LDW0_MAC_MIAV0_MDA2_MO40_MMFGLC_MKFGSU256_NTA0_NTB0_NTC0_NTD0_NEPBS0_NLCA1_NLCB1_ONLL1_OPLV0_PK0_PAP0_PGR2_PLR9_PKA0_SIA3_SLW1_SS0_SU0_SUM0_SUS0_SCIUI1_SPO0_SRVW2_SSO0_SVW4_SNLL0_TSGRA0_TSGRB0_TT2_16_TLDS1_UMLDSA0_UMLDSB1_U64SL1_USFGROn1_VAW1_VSn1_VW1_VWB1_VFLRP0_WSGRA1_WSGRB1_WS64_WG32_8_1_WGM15.kd",2,0,162,4037151,4037151,262144,256,29184,0,120,136,64,64,0x0,0x7f5e03324a00,4096.0000000000,10395.0000000000,7284.0000000000,3072.0000000000,6.5019411127
111,"Cijk_Ailk_Bljk_SB_MT64x32x32_MI16x16x4x1_SE_1LDSB0_APM1_ABV0_ACED0_AF0EM1_AF1EM1_AMAS0_ASE_ASGT_ASLT_ASM_ASAE01_ASCE01_ASEM1_AAC0_BL1_BS1_CLR0_DTLA0_DTLB0_DTVA0_DTVB0_DVO0_ETSP_EPS0_ELFLR0_EMLL0_FSSC10_FL0_GLVWA2_GLVWB2_GRCGA1_GRCGB1_GRPM1_GRVW2_GSU1_GSUASB_GLS0_ISA90a_IU1_K1_KLA_LBSPPA0_LBSPPB128_LPA0_LPB2_LDL1_LRVW2_LWPMn1_LDW0_MAC_MIAV0_MDA2_MO40_MMFGLC_MKFGSU256_NTA0_NTB0_NTC0_NTD0_NEPBS0_NLCA1_NLCB1_ONLL1_OPLV0_PK0_PAP0_PGR2_PLR9_PKA0_SIA3_SLW1_SS0_SU0_SUM0_SUS0_SCIUI1_SPO0_SRVW2_SSO0_SVW4_SNLL0_TSGRA0_TSGRB0_TT2_16_TLDS1_UMLDSA0_UMLDSB1_U64SL1_USFGROn1_VAW1_VSn1_VW1_VWB1_VFLRP0_WSGRA1_WSGRB1_WS64_WG32_8_1_WGM15.kd",2,0,163,4037151,4037151,262144,256,29184,0,120,136,64,64,0x0,0x7f5e03324a00,4096.0000000000,10395.0000000000,7284.0000000000,3072.0000000000,6.6704184653
112,"Cijk_Ailk_Bljk_SB_MT64x32x32_MI16x16x4x1_SE_1LDSB0_APM1_ABV0_ACED0_AF0EM1_AF1EM1_AMAS0_ASE_ASGT_ASLT_ASM_ASAE01_ASCE01_ASEM1_AAC0_BL1_BS1_CLR0_DTLA0_DTLB0_DTVA0_DTVB0_DVO0_ETSP_EPS0_ELFLR0_EMLL0_FSSC10_FL0_GLVWA2_GLVWB2_GRCGA1_GRCGB1_GRPM1_GRVW2_GSU1_GSUASB_GLS0_ISA90a_IU1_K1_KLA_LBSPPA0_LBSPPB128_LPA0_LPB2_LDL1_LRVW2_LWPMn1_LDW0_MAC_MIAV0_MDA2_MO40_MMFGLC_MKFGSU256_NTA0_NTB0_NTC0_NTD0_NEPBS0_NLCA1_NLCB1_ONLL1_OPLV0_PK0_PAP0_PGR2_PLR9_PKA0_SIA3_SLW1_SS0_SU0_SUM0_SUS0_SCIUI1_SPO0_SRVW2_SSO0_SVW4_SNLL0_TSGRA0_TSGRB0_TT2_16_TLDS1_UMLDSA0_UMLDSB1_U64SL1_USFGROn1_VAW1_VSn1_VW1_VWB1_VFLRP0_WSGRA1_WSGRB1_WS64_WG32_8_1_WGM15.kd",2,0,164,4037151,4037151,262144,256,29184,0,120,136,64,64,0x0,0x7f5e03324a00,4096.0000000000,10395.0000000000,7284.0000000000,3072.0000000000,6.8530271188
113,"Cijk_Ailk_Bljk_SB_MT64x32x32_MI16x16x4x1_SE_1LDSB0_APM1_ABV0_ACED0_AF0EM1_AF1EM1_AMAS0_ASE_ASGT_ASLT_ASM_ASAE01_ASCE01_ASEM1_AAC0_BL1_BS1_CLR0_DTLA0_DTLB0_DTVA0_DTVB0_DVO0_ETSP_EPS0_ELFLR0_EMLL0_FSSC10_FL0_GLVWA2_GLVWB2_GRCGA1_GRCGB1_GRPM1_GRVW2_GSU1_GSUASB_GLS0_ISA90a_IU1_K1_KLA_LBSPPA0_LBSPPB128_LPA0_LPB2_LDL1_LRVW2_LWPMn1_LDW0_MAC_MIAV0_MDA2_MO40_MMFGLC_MKFGSU256_NTA0_NTB0_NTC0_NTD0_NEPBS0_NLCA1_NLCB1_ONLL1_OPLV0_PK0_PAP0_PGR2_PLR9_PKA0_SIA3_SLW1_SS0_SU0_SUM0_SUS0_SCIUI1_SPO0_SRVW2_SSO0_SVW4_SNLL0_TSGRA0_TSGRB0_TT2_16_TLDS1_UMLDSA0_UMLDSB1_U64SL1_USFGROn1_VAW1_VSn1_VW1_VWB1_VFLRP0_WSGRA1_WSGRB1_WS64_WG32_8_1_WGM15.kd",2,0,165,4037151,4037151,262144,256,29184,0,120,136,64,64,0x0,0x7f5e03324a00,4096.0000000000,10395.0000000000,7284.0000000000,3072.0000000000,6.6013553911
114,"Cijk_Ailk_Bljk_SB_MT64x32x32_MI16x16x4x1_SE_1LDSB0_APM1_ABV0_ACED0_AF0EM1_AF1EM1_AMAS0_ASE_ASGT_ASLT_ASM_ASAE01_ASCE01_ASEM1_AAC0_BL1_BS1_CLR0_DTLA0_DTLB0_DTVA0_DTVB0_DVO0_ETSP_EPS0_ELFLR0_EMLL0_FSSC10_FL0_GLVWA2_GLVWB2_GRCGA1_GRCGB1_GRPM1_GRVW2_GSU1_GSUASB_GLS0_ISA90a_IU1_K1_KLA_LBSPPA0_LBSPPB128_LPA0_LPB2_LDL1_LRVW2_LWPMn1_LDW0_MAC_MIAV0_MDA2_MO40_MMFGLC_MKFGSU256_NTA0_NTB0_NTC0_NTD0_NEPBS0_NLCA1_NLCB1_ONLL1_OPLV0_PK0_PAP0_PGR2_PLR9_PKA0_SIA3_SLW1_SS0_SU0_SUM0_SUS0_SCIUI1_SPO0_SRVW2_SSO0_SVW4_SNLL0_TSGRA0_TSGRB0_TT2_16_TLDS1_UMLDSA0_UMLDSB1_U64SL1_USFGROn1_VAW1_VSn1_VW1_VWB1_VFLRP0_WSGRA1_WSGRB1_WS64_WG32_8_1_WGM15.kd",2,0,166,4037151,4037151,262144,256,29184,0,120,136,64,64,0x0,0x7f5e03324a00,4096.0000000000,10395.0000000000,7284.0000000000,3072.0000000000,6.4400999798
115,"Cijk_Ailk_Bljk_SB_MT64x32x32_MI16x16x4x1_SE_1LDSB0_APM1_ABV0_ACED0_AF0EM1_AF1EM1_AMAS0_ASE_ASGT_ASLT_ASM_ASAE01_ASCE01_ASEM1_AAC0_BL1_BS1_CLR0_DTLA0_DTLB0_DTVA0_DTVB0_DVO0_ETSP_EPS0_ELFLR0_EMLL0_FSSC10_FL0_GLVWA2_GLVWB2_GRCGA1_GRCGB1_GRPM1_GRVW2_GSU1_GSUASB_GLS0_ISA90a_IU1_K1_KLA_LBSPPA0_LBSPPB128_LPA0_LPB2_LDL1_LRVW2_LWPMn1_LDW0_MAC_MIAV0_MDA2_MO40_MMFGLC_MKFGSU256_NTA0_NTB0_NTC0_NTD0_NEPBS0_NLCA1_NLCB1_ONLL1_OPLV0_PK0_PAP0_PGR2_PLR9_PKA0_SIA3_SLW1_SS0_SU0_SUM0_SUS0_SCIUI1_SPO0_SRVW2_SSO0_SVW4_SNLL0_TSGRA0_TSGRB0_TT2_16_TLDS1_UMLDSA0_UMLDSB1_U64SL1_USFGROn1_VAW1_VSn1_VW1_VWB1_VFLRP0_WSGRA1_WSGRB1_WS64_WG32_8_1_WGM15.kd",2,0,167,4037151,4037151,262144,256,29184,0,120,136,64,64,0x0,0x7f5e03324a00,4096.0000000000,10395.0000000000,7284.0000000000,3072.0000000000,6.4470536245
116,"__amd_rocclr_copyBuffer.kd",2,0,170,4037151,4037151,512,512,0,0,20,4,32,64,0x7f5f67dff080,0x7f5f67fbd940,8.0000000000,18.1250000000,17.7500000000,0.0000000000,0.0000000000
117,"void xspmm::kernels::bcsr_spmm_core_kernel<float, float, int, 16, 16, 16>(int const*, int const*, float const*, float const*, float*, int, int, int, int, int) [clone .kd]",2,0,173,4037151,4037151,524288,256,18432,0,36,4,32,64,0x0,0x7f5f67fa1880,8192.0000000000,253.7421875000,223.6953125000,0.0000000000,7.5716204429
118,"Cijk_Ailk_Bljk_SB_MT64x32x32_MI16x16x4x1_SE_1LDSB0_APM1_ABV0_ACED0_AF0EM1_AF1EM1_AMAS0_ASE_ASGT_ASLT_ASM_ASAE01_ASCE01_ASEM1_AAC0_BL1_BS1_CLR0_DTLA0_DTLB0_DTVA0_DTVB0_DVO0_ETSP_EPS0_ELFLR0_EMLL0_FSSC10_FL0_GLVWA2_GLVWB2_GRCGA1_GRCGB1_GRPM1_GRVW2_GSU1_GSUASB_GLS0_ISA90a_IU1_K1_KLA_LBSPPA0_LBSPPB128_LPA0_LPB2_LDL1_LRVW2_LWPMn1_LDW0_MAC_MIAV0_MDA2_MO40_MMFGLC_MKFGSU256_NTA0_NTB0_NTC0_NTD0_NEPBS0_NLCA1_NLCB1_ONLL1_OPLV0_PK0_PAP0_PGR2_PLR9_PKA0_SIA3_SLW1_SS0_SU0_SUM0_SUS0_SCIUI1_SPO0_SRVW2_SSO0_SVW4_SNLL0_TSGRA0_TSGRB0_TT2_16_TLDS1_UMLDSA0_UMLDSB1_U64SL1_USFGROn1_VAW1_VSn1_VW1_VWB1_VFLRP0_WSGRA1_WSGRB1_WS64_WG32_8_1_WGM15.kd",2,0,174,4037151,4037151,262144,256,29184,0,120,136,64,64,0x0,0x7f5e03324a00,4096.0000000000,10395.0000000000,7284.0000000000,3072.0000000000,6.4501495287
119,"void xspmm::kernels::bcsr_spmm_core_kernel<float, float, int, 16, 16, 16>(int const*, int const*, float const*, float const*, float*, int, int, int, int, int) [clone .kd]",2,0,176,4037151,4037151,524288,256,18432,0,36,4,32,64,0x0,0x7f5f67fa1880,8192.0000000000,253.7421875000,223.6953125000,0.0000000000,7.5262639635
120,"void xspmm::kernels::bcsr_spmm_core_kernel<float, float, int, 16, 16, 16>(int const*, int const*, float const*, float const*, float*, int, int, int, int, int) [clone .kd]",2,0,179,4037151,4037151,524288,256,18432,0,36,4,32,64,0x0,0x7f5f67fa1880,8192.0000000000,253.7421875000,223.6953125000,0.0000000000,7.7644620701
121,"void xspmm::kernels::bcsr_spmm_core_kernel<float, float, int, 16, 16, 16>(int const*, int const*, float const*, float const*, float*, int, int, int, int, int) [clone .kd]",2,0,180,4037151,4037151,524288,256,18432,0,36,4,32,64,0x0,0x7f5f67fa1880,8192.0000000000,253.7421875000,223.6953125000,0.0000000000,7.3991738485
122,"void xspmm::kernels::bcsr_spmm_core_kernel<float, float, int, 16, 16, 16>(int const*, int const*, float const*, float const*, float*, int, int, int, int, int) [clone .kd]",2,0,181,4037151,4037151,524288,256,18432,0,36,4,32,64,0x0,0x7f5f67fa1880,8192.0000000000,253.7421875000,223.6953125000,0.0000000000,7.5245921463
123,"void xspmm::kernels::bcsr_spmm_core_kernel<float, float, int, 16, 16, 16>(int const*, int const*, float const*, float const*, float*, int, int, int, int, int) [clone .kd]",2,0,182,4037151,4037151,524288,256,18432,0,36,4,32,64,0x0,0x7f5f67fa1880,8192.0000000000,253.7421875000,223.6953125000,0.0000000000,7.3036990541
124,"void xspmm::kernels::bcsr_spmm_core_kernel<float, float, int, 16, 16, 16>(int const*, int const*, float const*, float const*, float*, int, int, int, int, int) [clone .kd]",2,0,183,4037151,4037151,524288,256,18432,0,36,4,32,64,0x0,0x7f5f67fa1880,8192.0000000000,253.7421875000,223.6953125000,0.0000000000,7.3169266556
125,"void xspmm::kernels::bcsr_spmm_core_kernel<float, float, int, 16, 16, 16>(int const*, int const*, float const*, float const*, float*, int, int, int, int, int) [clone .kd]",2,0,184,4037151,4037151,524288,256,18432,0,36,4,32,64,0x0,0x7f5f67fa1880,8192.0000000000,253.7421875000,223.6953125000,0.0000000000,7.4014745287
126,"void xspmm::kernels::bcsr_spmm_core_kernel<float, float, int, 16, 16, 16>(int const*, int const*, float const*, float const*, float*, int, int, int, int, int) [clone .kd]",2,0,185,4037151,4037151,524288,256,18432,0,36,4,32,64,0x0,0x7f5f67fa1880,8192.0000000000,253.7421875000,223.6953125000,0.0000000000,7.4109410023
127,"void xspmm::kernels::bcsr_spmm_core_kernel<float, float, int, 16, 16, 16>(int const*, int const*, float const*, float const*, float*, int, int, int, int, int) [clone .kd]",2,0,186,4037151,4037151,524288,256,18432,0,36,4,32,64,0x0,0x7f5f67fa1880,8192.0000000000,253.7421875000,223.6953125000,0.0000000000,7.5255565656
128,"void xspmm::kernels::bcsr_spmm_core_kernel<float, float, int, 16, 16, 16>(int const*, int const*, float const*, float const*, float*, int, int, int, int, int) [clone .kd]",2,0,187,4037151,4037151,524288,256,18432,0,36,4,32,64,0x0,0x7f5f67fa1880,8192.0000000000,253.7421875000,223.6953125000,0.0000000000,7.5079787356
129,"void xspmm::kernels::bcsr_spmm_core_kernel<float, float, int, 16, 16, 16>(int const*, int const*, float const*, float const*, float*, int, int, int, int, int) [clone .kd]",2,0,188,4037151,4037151,524288,256,18432,0,36,4,32,64,0x0,0x7f5f67fa1880,8192.0000000000,253.7421875000,223.6953125000,0.0000000000,7.5235637048
130,"void rocsparse::csrmmnt_row_split_subwfsize_x_loop_columns_kernel<256u, 16u, 8u, 8u, float, int, int, float, float, float>(rocsparse::const_host_device_scalar<float>, rocsparse::const_host_device_scalar<float>, bool, int, int, int, int, long, long, long, long, long, long, int const*, int const*, float const*, float const*, float*, rocsparse_order_, rocsparse_index_base_, bool, bool) [clone .kd]",2,0,190,4037151,4037151,262144,256,0,0,88,0,48,64,0x0,0x7f5f67e8dcc0,4096.0000000000,1489.0312500000,147.8945312500,0.0000000000,0.0000000000
131,"void rocsparse::csrmmnt_row_split_subwfsize_x_loop_columns_kernel<256u, 16u, 8u, 8u, float, int, int, float, float, float>(rocsparse::const_host_device_scalar<float>, rocsparse::const_host_device_scalar<float>, bool, int, int, int, int, long, long, long, long, long, long, int const*, int const*, float const*, float const*, float*, rocsparse_order_, rocsparse_index_base_, bool, bool) [clone .kd]",2,0,193,4037151,4037151,262144,256,0,0,88,0,48,64,0x0,0x7f5f67e8dcc0,4096.0000000000,1489.0312500000,147.8945312500,0.0000000000,0.0000000000
132,"void rocsparse::csrmmnt_row_split_subwfsize_x_loop_columns_kernel<256u, 16u, 8u, 8u, float, int, int, float, float, float>(rocsparse::const_host_device_scalar<float>, rocsparse::const_host_device_scalar<float>, bool, int, int, int, int, long, long, long, long, long, long, int const*, int const*, float const*, float const*, float*, rocsparse_order_, rocsparse_index_base_, bool, bool) [clone .kd]",2,0,194,4037151,4037151,262144,256,0,0,88,0,48,64,0x0,0x7f5f67e8dcc0,4096.0000000000,1489.0312500000,147.8945312500,0.0000000000,0.0000000000
133,"void rocsparse::csrmmnt_row_split_subwfsize_x_loop_columns_kernel<256u, 16u, 8u, 8u, float, int, int, float, float, float>(rocsparse::const_host_device_scalar<float>, rocsparse::const_host_device_scalar<float>, bool, int, int, int, int, long, long, long, long, long, long, int const*, int const*, float const*, float const*, float*, rocsparse_order_, rocsparse_index_base_, bool, bool) [clone .kd]",2,0,195,4037151,4037151,262144,256,0,0,88,0,48,64,0x0,0x7f5f67e8dcc0,4096.0000000000,1489.0312500000,147.8945312500,0.0000000000,0.0000000000
134,"void rocsparse::csrmmnt_row_split_subwfsize_x_loop_columns_kernel<256u, 16u, 8u, 8u, float, int, int, float, float, float>(rocsparse::const_host_device_scalar<float>, rocsparse::const_host_device_scalar<float>, bool, int, int, int, int, long, long, long, long, long, long, int const*, int const*, float const*, float const*, float*, rocsparse_order_, rocsparse_index_base_, bool, bool) [clone .kd]",2,0,196,4037151,4037151,262144,256,0,0,88,0,48,64,0x0,0x7f5f67e8dcc0,4096.0000000000,1489.0312500000,147.8945312500,0.0000000000,0.0000000000
135,"void rocsparse::csrmmnt_row_split_subwfsize_x_loop_columns_kernel<256u, 16u, 8u, 8u, float, int, int, float, float, float>(rocsparse::const_host_device_scalar<float>, rocsparse::const_host_device_scalar<float>, bool, int, int, int, int, long, long, long, long, long, long, int const*, int const*, float const*, float const*, float*, rocsparse_order_, rocsparse_index_base_, bool, bool) [clone .kd]",2,0,197,4037151,4037151,262144,256,0,0,88,0,48,64,0x0,0x7f5f67e8dcc0,4096.0000000000,1489.0312500000,147.8945312500,0.0000000000,0.0000000000
136,"void rocsparse::csrmmnt_row_split_subwfsize_x_loop_columns_kernel<256u, 16u, 8u, 8u, float, int, int, float, float, float>(rocsparse::const_host_device_scalar<float>, rocsparse::const_host_device_scalar<float>, bool, int, int, int, int, long, long, long, long, long, long, int const*, int const*, float const*, float const*, float*, rocsparse_order_, rocsparse_index_base_, bool, bool) [clone .kd]",2,0,198,4037151,4037151,262144,256,0,0,88,0,48,64,0x0,0x7f5f67e8dcc0,4096.0000000000,1489.0312500000,147.8945312500,0.0000000000,0.0000000000
137,"void rocsparse::csrmmnt_row_split_subwfsize_x_loop_columns_kernel<256u, 16u, 8u, 8u, float, int, int, float, float, float>(rocsparse::const_host_device_scalar<float>, rocsparse::const_host_device_scalar<float>, bool, int, int, int, int, long, long, long, long, long, long, int const*, int const*, float const*, float const*, float*, rocsparse_order_, rocsparse_index_base_, bool, bool) [clone .kd]",2,0,199,4037151,4037151,262144,256,0,0,88,0,48,64,0x0,0x7f5f67e8dcc0,4096.0000000000,1489.0312500000,147.8945312500,0.0000000000,0.0000000000
138,"void rocsparse::csrmmnt_row_split_subwfsize_x_loop_columns_kernel<256u, 16u, 8u, 8u, float, int, int, float, float, float>(rocsparse::const_host_device_scalar<float>, rocsparse::const_host_device_scalar<float>, bool, int, int, int, int, long, long, long, long, long, long, int const*, int const*, float const*, float const*, float*, rocsparse_order_, rocsparse_index_base_, bool, bool) [clone .kd]",2,0,200,4037151,4037151,262144,256,0,0,88,0,48,64,0x0,0x7f5f67e8dcc0,4096.0000000000,1489.0312500000,147.8945312500,0.0000000000,0.0000000000
139,"void rocsparse::csrmmnt_row_split_subwfsize_x_loop_columns_kernel<256u, 16u, 8u, 8u, float, int, int, float, float, float>(rocsparse::const_host_device_scalar<float>, rocsparse::const_host_device_scalar<float>, bool, int, int, int, int, long, long, long, long, long, long, int const*, int const*, float const*, float const*, float*, rocsparse_order_, rocsparse_index_base_, bool, bool) [clone .kd]",2,0,201,4037151,4037151,262144,256,0,0,88,0,48,64,0x0,0x7f5f67e8dcc0,4096.0000000000,1489.0312500000,147.8945312500,0.0000000000,0.0000000000
140,"void rocsparse::csrmmnt_row_split_subwfsize_x_loop_columns_kernel<256u, 16u, 8u, 8u, float, int, int, float, float, float>(rocsparse::const_host_device_scalar<float>, rocsparse::const_host_device_scalar<float>, bool, int, int, int, int, long, long, long, long, long, long, int const*, int const*, float const*, float const*, float*, rocsparse_order_, rocsparse_index_base_, bool, bool) [clone .kd]",2,0,202,4037151,4037151,262144,256,0,0,88,0,48,64,0x0,0x7f5f67e8dcc0,4096.0000000000,1489.0312500000,147.8945312500,0.0000000000,0.0000000000
141,"void rocsparse::bsrmm_large_blockdim_kernel_ext<16u, 16u, 2u, int, int, float, float, float, float>(bool, rocsparse_direction_, int, int, long, long, rocsparse::const_host_device_scalar<float>, int const*, int const*, float const*, int, float const*, long, long, rocsparse::const_host_device_scalar<float>, float*, long, long, rocsparse_order_, rocsparse_index_base_, bool) [clone .kd]",2,0,205,4037151,4037151,1048576,256,3072,0,40,0,48,64,0x0,0x7f5f66bb79c0,16384.0000000000,594.1210937500,323.5546875000,0.0000000000,53.6745857899
142,"Cijk_Ailk_Bljk_SB_MT64x32x32_MI16x16x4x1_SE_1LDSB0_APM1_ABV0_ACED0_AF0EM1_AF1EM1_AMAS0_ASE_ASGT_ASLT_ASM_ASAE01_ASCE01_ASEM1_AAC0_BL1_BS1_CLR0_DTLA0_DTLB0_DTVA0_DTVB0_DVO0_ETSP_EPS0_ELFLR0_EMLL0_FSSC10_FL0_GLVWA2_GLVWB2_GRCGA1_GRCGB1_GRPM1_GRVW2_GSU1_GSUASB_GLS0_ISA90a_IU1_K1_KLA_LBSPPA0_LBSPPB128_LPA0_LPB2_LDL1_LRVW2_LWPMn1_LDW0_MAC_MIAV0_MDA2_MO40_MMFGLC_MKFGSU256_NTA0_NTB0_NTC0_NTD0_NEPBS0_NLCA1_NLCB1_ONLL1_OPLV0_PK0_PAP0_PGR2_PLR9_PKA0_SIA3_SLW1_SS0_SU0_SUM0_SUS0_SCIUI1_SPO0_SRVW2_SSO0_SVW4_SNLL0_TSGRA0_TSGRB0_TT2_16_TLDS1_UMLDSA0_UMLDSB1_U64SL1_USFGROn1_VAW1_VSn1_VW1_VWB1_VFLRP0_WSGRA1_WSGRB1_WS64_WG32_8_1_WGM15.kd",2,0,209,4037151,4037151,262144,256,29184,0,120,136,64,64,0x0,0x7f5e03324a00,4096.0000000000,10395.0000000000,7284.0000000000,3072.0000000000,6.4492979232
143,"Cijk_Ailk_Bljk_SB_MT64x32x32_MI16x16x4x1_SE_1LDSB0_APM1_ABV0_ACED0_AF0EM1_AF1EM1_AMAS0_ASE_ASGT_ASLT_ASM_ASAE01_ASCE01_ASEM1_AAC0_BL1_BS1_CLR0_DTLA0_DTLB0_DTVA0_DTVB0_DVO0_ETSP_EPS0_ELFLR0_EMLL0_FSSC10_FL0_GLVWA2_GLVWB2_GRCGA1_GRCGB1_GRPM1_GRVW2_GSU1_GSUASB_GLS0_ISA90a_IU1_K1_KLA_LBSPPA0_LBSPPB128_LPA0_LPB2_LDL1_LRVW2_LWPMn1_LDW0_MAC_MIAV0_MDA2_MO40_MMFGLC_MKFGSU256_NTA0_NTB0_NTC0_NTD0_NEPBS0_NLCA1_NLCB1_ONLL1_OPLV0_PK0_PAP0_PGR2_PLR9_PKA0_SIA3_SLW1_SS0_SU0_SUM0_SUS0_SCIUI1_SPO0_SRVW2_SSO0_SVW4_SNLL0_TSGRA0_TSGRB0_TT2_16_TLDS1_UMLDSA0_UMLDSB1_U64SL1_USFGROn1_VAW1_VSn1_VW1_VWB1_VFLRP0_WSGRA1_WSGRB1_WS64_WG32_8_1_WGM15.kd",2,0,212,4037151,4037151,262144,256,29184,0,120,136,64,64,0x0,0x7f5e03324a00,4096.0000000000,10395.0000000000,7284.0000000000,3072.0000000000,6.2621286356
144,"Cijk_Ailk_Bljk_SB_MT64x32x32_MI16x16x4x1_SE_1LDSB0_APM1_ABV0_ACED0_AF0EM1_AF1EM1_AMAS0_ASE_ASGT_ASLT_ASM_ASAE01_ASCE01_ASEM1_AAC0_BL1_BS1_CLR0_DTLA0_DTLB0_DTVA0_DTVB0_DVO0_ETSP_EPS0_ELFLR0_EMLL0_FSSC10_FL0_GLVWA2_GLVWB2_GRCGA1_GRCGB1_GRPM1_GRVW2_GSU1_GSUASB_GLS0_ISA90a_IU1_K1_KLA_LBSPPA0_LBSPPB128_LPA0_LPB2_LDL1_LRVW2_LWPMn1_LDW0_MAC_MIAV0_MDA2_MO40_MMFGLC_MKFGSU256_NTA0_NTB0_NTC0_NTD0_NEPBS0_NLCA1_NLCB1_ONLL1_OPLV0_PK0_PAP0_PGR2_PLR9_PKA0_SIA3_SLW1_SS0_SU0_SUM0_SUS0_SCIUI1_SPO0_SRVW2_SSO0_SVW4_SNLL0_TSGRA0_TSGRB0_TT2_16_TLDS1_UMLDSA0_UMLDSB1_U64SL1_USFGROn1_VAW1_VSn1_VW1_VWB1_VFLRP0_WSGRA1_WSGRB1_WS64_WG32_8_1_WGM15.kd",2,0,213,4037151,4037151,262144,256,29184,0,120,136,64,64,0x0,0x7f5e03324a00,4096.0000000000,10395.0000000000,7284.0000000000,3072.0000000000,6.6025279820
145,"Cijk_Ailk_Bljk_SB_MT64x32x32_MI16x16x4x1_SE_1LDSB0_APM1_ABV0_ACED0_AF0EM1_AF1EM1_AMAS0_ASE_ASGT_ASLT_ASM_ASAE01_ASCE01_ASEM1_AAC0_BL1_BS1_CLR0_DTLA0_DTLB0_DTVA0_DTVB0_DVO0_ETSP_EPS0_ELFLR0_EMLL0_FSSC10_FL0_GLVWA2_GLVWB2_GRCGA1_GRCGB1_GRPM1_GRVW2_GSU1_GSUASB_GLS0_ISA90a_IU1_K1_KLA_LBSPPA0_LBSPPB128_LPA0_LPB2_LDL1_LRVW2_LWPMn1_LDW0_MAC_MIAV0_MDA2_MO40_MMFGLC_MKFGSU256_NTA0_NTB0_NTC0_NTD0_NEPBS0_NLCA1_NLCB1_ONLL1_OPLV0_PK0_PAP0_PGR2_PLR9_PKA0_SIA3_SLW1_SS0_SU0_SUM0_SUS0_SCIUI1_SPO0_SRVW2_SSO0_SVW4_SNLL0_TSGRA0_TSGRB0_TT2_16_TLDS1_UMLDSA0_UMLDSB1_U64SL1_USFGROn1_VAW1_VSn1_VW1_VWB1_VFLRP0_WSGRA1_WSGRB1_WS64_WG32_8_1_WGM15.kd",2,0,214,4037151,4037151,262144,256,29184,0,120,136,64,64,0x0,0x7f5e03324a00,4096.0000000000,10395.0000000000,7284.0000000000,3072.0000000000,6.6050204454
146,"Cijk_Ailk_Bljk_SB_MT64x32x32_MI16x16x4x1_SE_1LDSB0_APM1_ABV0_ACED0_AF0EM1_AF1EM1_AMAS0_ASE_ASGT_ASLT_ASM_ASAE01_ASCE01_ASEM1_AAC0_BL1_BS1_CLR0_DTLA0_DTLB0_DTVA0_DTVB0_DVO0_ETSP_EPS0_ELFLR0_EMLL0_FSSC10_FL0_GLVWA2_GLVWB2_GRCGA1_GRCGB1_GRPM1_GRVW2_GSU1_GSUASB_GLS0_ISA90a_IU1_K1_KLA_LBSPPA0_LBSPPB128_LPA0_LPB2_LDL1_LRVW2_LWPMn1_LDW0_MAC_MIAV0_MDA2_MO40_MMFGLC_MKFGSU256_NTA0_NTB0_NTC0_NTD0_NEPBS0_NLCA1_NLCB1_ONLL1_OPLV0_PK0_PAP0_PGR2_PLR9_PKA0_SIA3_SLW1_SS0_SU0_SUM0_SUS0_SCIUI1_SPO0_SRVW2_SSO0_SVW4_SNLL0_TSGRA0_TSGRB0_TT2_16_TLDS1_UMLDSA0_UMLDSB1_U64SL1_USFGROn1_VAW1_VSn1_VW1_VWB1_VFLRP0_WSGRA1_WSGRB1_WS64_WG32_8_1_WGM15.kd",2,0,215,4037151,4037151,262144,256,29184,0,120,136,64,64,0x0,0x7f5e03324a00,4096.0000000000,10395.0000000000,7284.0000000000,3072.0000000000,6.6810840616
147,"Cijk_Ailk_Bljk_SB_MT64x32x32_MI16x16x4x1_SE_1LDSB0_APM1_ABV0_ACED0_AF0EM1_AF1EM1_AMAS0_ASE_ASGT_ASLT_ASM_ASAE01_ASCE01_ASEM1_AAC0_BL1_BS1_CLR0_DTLA0_DTLB0_DTVA0_DTVB0_DVO0_ETSP_EPS0_ELFLR0_EMLL0_FSSC10_FL0_GLVWA2_GLVWB2_GRCGA1_GRCGB1_GRPM1_GRVW2_GSU1_GSUASB_GLS0_ISA90a_IU1_K1_KLA_LBSPPA0_LBSPPB128_LPA0_LPB2_LDL1_LRVW2_LWPMn1_LDW0_MAC_MIAV0_MDA2_MO40_MMFGLC_MKFGSU256_NTA0_NTB0_NTC0_NTD0_NEPBS0_NLCA1_NLCB1_ONLL1_OPLV0_PK0_PAP0_PGR2_PLR9_PKA0_SIA3_SLW1_SS0_SU0_SUM0_SUS0_SCIUI1_SPO0_SRVW2_SSO0_SVW4_SNLL0_TSGRA0_TSGRB0_TT2_16_TLDS1_UMLDSA0_UMLDSB1_U64SL1_USFGROn1_VAW1_VSn1_VW1_VWB1_VFLRP0_WSGRA1_WSGRB1_WS64_WG32_8_1_WGM15.kd",2,0,216,4037151,4037151,262144,256,29184,0,120,136,64,64,0x0,0x7f5e03324a00,4096.0000000000,10395.0000000000,7284.0000000000,3072.0000000000,6.4654198061
148,"Cijk_Ailk_Bljk_SB_MT64x32x32_MI16x16x4x1_SE_1LDSB0_APM1_ABV0_ACED0_AF0EM1_AF1EM1_AMAS0_ASE_ASGT_ASLT_ASM_ASAE01_ASCE01_ASEM1_AAC0_BL1_BS1_CLR0_DTLA0_DTLB0_DTVA0_DTVB0_DVO0_ETSP_EPS0_ELFLR0_EMLL0_FSSC10_FL0_GLVWA2_GLVWB2_GRCGA1_GRCGB1_GRPM1_GRVW2_GSU1_GSUASB_GLS0_ISA90a_IU1_K1_KLA_LBSPPA0_LBSPPB128_LPA0_LPB2_LDL1_LRVW2_LWPMn1_LDW0_MAC_MIAV0_MDA2_MO40_MMFGLC_MKFGSU256_NTA0_NTB0_NTC0_NTD0_NEPBS0_NLCA1_NLCB1_ONLL1_OPLV0_PK0_PAP0_PGR2_PLR9_PKA0_SIA3_SLW1_SS0_SU0_SUM0_SUS0_SCIUI1_SPO0_SRVW2_SSO0_SVW4_SNLL0_TSGRA0_TSGRB0_TT2_16_TLDS1_UMLDSA0_UMLDSB1_U64SL1_USFGROn1_VAW1_VSn1_VW1_VWB1_VFLRP0_WSGRA1_WSGRB1_WS64_WG32_8_1_WGM15.kd",2,0,217,4037151,4037151,262144,256,29184,0,120,136,64,64,0x0,0x7f5e03324a00,4096.0000000000,10395.0000000000,7284.0000000000,3072.0000000000,6.4974106465
149,"Cijk_Ailk_Bljk_SB_MT64x32x32_MI16x16x4x1_SE_1LDSB0_APM1_ABV0_ACED0_AF0EM1_AF1EM1_AMAS0_ASE_ASGT_ASLT_ASM_ASAE01_ASCE01_ASEM1_AAC0_BL1_BS1_CLR0_DTLA0_DTLB0_DTVA0_DTVB0_DVO0_ETSP_EPS0_ELFLR0_EMLL0_FSSC10_FL0_GLVWA2_GLVWB2_GRCGA1_GRCGB1_GRPM1_GRVW2_GSU1_GSUASB_GLS0_ISA90a_IU1_K1_KLA_LBSPPA0_LBSPPB128_LPA0_LPB2_LDL1_LRVW2_LWPMn1_LDW0_MAC_MIAV0_MDA2_MO40_MMFGLC_MKFGSU256_NTA0_NTB0_NTC0_NTD0_NEPBS0_NLCA1_NLCB1_ONLL1_OPLV0_PK0_PAP0_PGR2_PLR9_PKA0_SIA3_SLW1_SS0_SU0_SUM0_SUS0_SCIUI1_SPO0_SRVW2_SSO0_SVW4_SNLL0_TSGRA0_TSGRB0_TT2_16_TLDS1_UMLDSA0_UMLDSB1_U64SL1_USFGROn1_VAW1_VSn1_VW1_VWB1_VFLRP0_WSGRA1_WSGRB1_WS64_WG32_8_1_WGM15.kd",2,0,218,4037151,4037151,262144,256,29184,0,120,136,64,64,0x0,0x7f5e03324a00,4096.0000000000,10395.0000000000,7284.0000000000,3072.0000000000,6.3568098054
150,"Cijk_Ailk_Bljk_SB_MT64x32x32_MI16x16x4x1_SE_1LDSB0_APM1_ABV0_ACED0_AF0EM1_AF1EM1_AMAS0_ASE_ASGT_ASLT_ASM_ASAE01_ASCE01_ASEM1_AAC0_BL1_BS1_CLR0_DTLA0_DTLB0_DTVA0_DTVB0_DVO0_ETSP_EPS0_ELFLR0_EMLL0_FSSC10_FL0_GLVWA2_GLVWB2_GRCGA1_GRCGB1_GRPM1_GRVW2_GSU1_GSUASB_GLS0_ISA90a_IU1_K1_KLA_LBSPPA0_LBSPPB128_LPA0_LPB2_LDL1_LRVW2_LWPMn1_LDW0_MAC_MIAV0_MDA2_MO40_MMFGLC_MKFGSU256_NTA0_NTB0_NTC0_NTD0_NEPBS0_NLCA1_NLCB1_ONLL1_OPLV0_PK0_PAP0_PGR2_PLR9_PKA0_SIA3_SLW1_SS0_SU0_SUM0_SUS0_SCIUI1_SPO0_SRVW2_SSO0_SVW4_SNLL0_TSGRA0_TSGRB0_TT2_16_TLDS1_UMLDSA0_UMLDSB1_U64SL1_USFGROn1_VAW1_VSn1_VW1_VWB1_VFLRP0_WSGRA1_WSGRB1_WS64_WG32_8_1_WGM15.kd",2,0,219,4037151,4037151,262144,256,29184,0,120,136,64,64,0x0,0x7f5e03324a00,4096.0000000000,10395.0000000000,7284.0000000000,3072.0000000000,6.4299977605
151,"Cijk_Ailk_Bljk_SB_MT64x32x32_MI16x16x4x1_SE_1LDSB0_APM1_ABV0_ACED0_AF0EM1_AF1EM1_AMAS0_ASE_ASGT_ASLT_ASM_ASAE01_ASCE01_ASEM1_AAC0_BL1_BS1_CLR0_DTLA0_DTLB0_DTVA0_DTVB0_DVO0_ETSP_EPS0_ELFLR0_EMLL0_FSSC10_FL0_GLVWA2_GLVWB2_GRCGA1_GRCGB1_GRPM1_GRVW2_GSU1_GSUASB_GLS0_ISA90a_IU1_K1_KLA_LBSPPA0_LBSPPB128_LPA0_LPB2_LDL1_LRVW2_LWPMn1_LDW0_MAC_MIAV0_MDA2_MO40_MMFGLC_MKFGSU256_NTA0_NTB0_NTC0_NTD0_NEPBS0_NLCA1_NLCB1_ONLL1_OPLV0_PK0_PAP0_PGR2_PLR9_PKA0_SIA3_SLW1_SS0_SU0_SUM0_SUS0_SCIUI1_SPO0_SRVW2_SSO0_SVW4_SNLL0_TSGRA0_TSGRB0_TT2_16_TLDS1_UMLDSA0_UMLDSB1_U64SL1_USFGROn1_VAW1_VSn1_VW1_VWB1_VFLRP0_WSGRA1_WSGRB1_WS64_WG32_8_1_WGM15.kd",2,0,220,4037151,4037151,262144,256,29184,0,120,136,64,64,0x0,0x7f5e03324a00,4096.0000000000,10395.0000000000,7284.0000000000,3072.0000000000,6.5000594168
152,"Cijk_Ailk_Bljk_SB_MT64x32x32_MI16x16x4x1_SE_1LDSB0_APM1_ABV0_ACED0_AF0EM1_AF1EM1_AMAS0_ASE_ASGT_ASLT_ASM_ASAE01_ASCE01_ASEM1_AAC0_BL1_BS1_CLR0_DTLA0_DTLB0_DTVA0_DTVB0_DVO0_ETSP_EPS0_ELFLR0_EMLL0_FSSC10_FL0_GLVWA2_GLVWB2_GRCGA1_GRCGB1_GRPM1_GRVW2_GSU1_GSUASB_GLS0_ISA90a_IU1_K1_KLA_LBSPPA0_LBSPPB128_LPA0_LPB2_LDL1_LRVW2_LWPMn1_LDW0_MAC_MIAV0_MDA2_MO40_MMFGLC_MKFGSU256_NTA0_NTB0_NTC0_NTD0_NEPBS0_NLCA1_NLCB1_ONLL1_OPLV0_PK0_PAP0_PGR2_PLR9_PKA0_SIA3_SLW1_SS0_SU0_SUM0_SUS0_SCIUI1_SPO0_SRVW2_SSO0_SVW4_SNLL0_TSGRA0_TSGRB0_TT2_16_TLDS1_UMLDSA0_UMLDSB1_U64SL1_USFGROn1_VAW1_VSn1_VW1_VWB1_VFLRP0_WSGRA1_WSGRB1_WS64_WG32_8_1_WGM15.kd",2,0,221,4037151,4037151,262144,256,29184,0,120,136,64,64,0x0,0x7f5e03324a00,4096.0000000000,10395.0000000000,7284.0000000000,3072.0000000000,6.4397696259
153,"__amd_rocclr_copyBuffer.kd",2,0,224,4037151,4037151,512,512,0,0,20,4,32,64,0x7f5f67dff080,0x7f5f67fbd940,8.0000000000,18.1250000000,17.7500000000,0.0000000000,0.0000000000
154,"__amd_rocclr_copyBuffer.kd",2,0,225,4037151,4037151,1024,512,0,0,20,4,32,64,0x7f5f67dfc680,0x7f5f67fbd940,16.0000000000,22.0625000000,18.6250000000,0.0000000000,0.0000000000
155,"void xspmm::kernels::bcsr_spmm_core_kernel<float, float, int, 16, 16, 16>(int const*, int const*, float const*, float const*, float*, int, int, int, int, int) [clone .kd]",2,0,228,4037151,4037151,524288,256,18432,0,36,4,32,64,0x0,0x7f5f67fa1880,8192.0000000000,165.9570312500,119.9492187500,0.0000000000,5.0829497665
156,"Cijk_Ailk_Bljk_SB_MT64x32x32_MI16x16x4x1_SE_1LDSB0_APM1_ABV0_ACED0_AF0EM1_AF1EM1_AMAS0_ASE_ASGT_ASLT_ASM_ASAE01_ASCE01_ASEM1_AAC0_BL1_BS1_CLR0_DTLA0_DTLB0_DTVA0_DTVB0_DVO0_ETSP_EPS0_ELFLR0_EMLL0_FSSC10_FL0_GLVWA2_GLVWB2_GRCGA1_GRCGB1_GRPM1_GRVW2_GSU1_GSUASB_GLS0_ISA90a_IU1_K1_KLA_LBSPPA0_LBSPPB128_LPA0_LPB2_LDL1_LRVW2_LWPMn1_LDW0_MAC_MIAV0_MDA2_MO40_MMFGLC_MKFGSU256_NTA0_NTB0_NTC0_NTD0_NEPBS0_NLCA1_NLCB1_ONLL1_OPLV0_PK0_PAP0_PGR2_PLR9_PKA0_SIA3_SLW1_SS0_SU0_SUM0_SUS0_SCIUI1_SPO0_SRVW2_SSO0_SVW4_SNLL0_TSGRA0_TSGRB0_TT2_16_TLDS1_UMLDSA0_UMLDSB1_U64SL1_USFGROn1_VAW1_VSn1_VW1_VWB1_VFLRP0_WSGRA1_WSGRB1_WS64_WG32_8_1_WGM15.kd",2,0,229,4037151,4037151,262144,256,29184,0,120,136,64,64,0x0,0x7f5e03324a00,4096.0000000000,10395.0000000000,7284.0000000000,3072.0000000000,6.4388314512
157,"void xspmm::kernels::bcsr_spmm_core_kernel<float, float, int, 16, 16, 16>(int const*, int const*, float const*, float const*, float*, int, int, int, int, int) [clone .kd]",2,0,231,4037151,4037151,524288,256,18432,0,36,4,32,64,0x0,0x7f5f67fa1880,8192.0000000000,165.9570312500,119.9492187500,0.0000000000,5.0337203928
158,"void xspmm::kernels::bcsr_spmm_core_kernel<float, float, int, 16, 16, 16>(int const*, int const*, float const*, float const*, float*, int, int, int, int, int) [clone .kd]",2,0,234,4037151,4037151,524288,256,18432,0,36,4,32,64,0x0,0x7f5f67fa1880,8192.0000000000,165.9570312500,119.9492187500,0.0000000000,5.4374959180
159,"void xspmm::kernels::bcsr_spmm_core_kernel<float, float, int, 16, 16, 16>(int const*, int const*, float const*, float const*, float*, int, int, int, int, int) [clone .kd]",2,0,235,4037151,4037151,524288,256,18432,0,36,4,32,64,0x0,0x7f5f67fa1880,8192.0000000000,165.9570312500,119.9492187500,0.0000000000,5.2057831673
160,"void xspmm::kernels::bcsr_spmm_core_kernel<float, float, int, 16, 16, 16>(int const*, int const*, float const*, float const*, float*, int, int, int, int, int) [clone .kd]",2,0,236,4037151,4037151,524288,256,18432,0,36,4,32,64,0x0,0x7f5f67fa1880,8192.0000000000,165.9570312500,119.9492187500,0.0000000000,4.9123242134
161,"void xspmm::kernels::bcsr_spmm_core_kernel<float, float, int, 16, 16, 16>(int const*, int const*, float const*, float const*, float*, int, int, int, int, int) [clone .kd]",2,0,237,4037151,4037151,524288,256,18432,0,36,4,32,64,0x0,0x7f5f67fa1880,8192.0000000000,165.9570312500,119.9492187500,0.0000000000,5.4235252031
162,"void xspmm::kernels::bcsr_spmm_core_kernel<float, float, int, 16, 16, 16>(int const*, int const*, float const*, float const*, float*, int, int, int, int, int) [clone .kd]",2,0,238,4037151,4037151,524288,256,18432,0,36,4,32,64,0x0,0x7f5f67fa1880,8192.0000000000,165.9570312500,119.9492187500,0.0000000000,5.0431263276
163,"void xspmm::kernels::bcsr_spmm_core_kernel<float, float, int, 16, 16, 16>(int const*, int const*, float const*, float const*, float*, int, int, int, int, int) [clone .kd]",2,0,239,4037151,4037151,524288,256,18432,0,36,4,32,64,0x0,0x7f5f67fa1880,8192.0000000000,165.9570312500,119.9492187500,0.0000000000,4.9703519317
164,"void xspmm::kernels::bcsr_spmm_core_kernel<float, float, int, 16, 16, 16>(int const*, int const*, float const*, float const*, float*, int, int, int, int, int) [clone .kd]",2,0,240,4037151,4037151,524288,256,18432,0,36,4,32,64,0x0,0x7f5f67fa1880,8192.0000000000,165.9570312500,119.9492187500,0.0000000000,5.0774171741
165,"void xspmm::kernels::bcsr_spmm_core_kernel<float, float, int, 16, 16, 16>(int const*, int const*, float const*, float const*, float*, int, int, int, int, int) [clone .kd]",2,0,241,4037151,4037151,524288,256,18432,0,36,4,32,64,0x0,0x7f5f67fa1880,8192.0000000000,165.9570312500,119.9492187500,0.0000000000,4.7638074770
166,"void xspmm::kernels::bcsr_spmm_core_kernel<float, float, int, 16, 16, 16>(int const*, int const*, float const*, float const*, float*, int, int, int, int, int) [clone .kd]",2,0,242,4037151,4037151,524288,256,18432,0,36,4,32,64,0x0,0x7f5f67fa1880,8192.0000000000,165.9570312500,119.9492187500,0.0000000000,4.8268542903
167,"void xspmm::kernels::bcsr_spmm_core_kernel<float, float, int, 16, 16, 16>(int const*, int const*, float const*, float const*, float*, int, int, int, int, int) [clone .kd]",2,0,243,4037151,4037151,524288,256,18432,0,36,4,32,64,0x0,0x7f5f67fa1880,8192.0000000000,165.9570312500,119.9492187500,0.0000000000,4.9493228436
168,"void rocsparse::csrmmnt_row_split_subwfsize_x_loop_columns_kernel<256u, 16u, 8u, 8u, float, int, int, float, float, float>(rocsparse::const_host_device_scalar<float>, rocsparse::const_host_device_scalar<float>, bool, int, int, int, int, long, long, long, long, long, long, int const*, int const*, float const*, float const*, float*, rocsparse_order_, rocsparse_index_base_, bool, bool) [clone .kd]",2,0,245,4037151,4037151,262144,256,0,0,88,0,48,64,0x0,0x7f5f67e8dcc0,4096.0000000000,594.7812500000,99.9882812500,0.0000000000,0.0000000000
169,"void rocsparse::csrmmnt_row_split_subwfsize_x_loop_columns_kernel<256u, 16u, 8u, 8u, float, int, int, float, float, float>(rocsparse::const_host_device_scalar<float>, rocsparse::const_host_device_scalar<float>, bool, int, int, int, int, long, long, long, long, long, long, int const*, int const*, float const*, float const*, float*, rocsparse_order_, rocsparse_index_base_, bool, bool) [clone .kd]",2,0,248,4037151,4037151,262144,256,0,0,88,0,48,64,0x0,0x7f5f67e8dcc0,4096.0000000000,594.7812500000,99.9882812500,0.0000000000,0.0000000000
170,"void rocsparse::csrmmnt_row_split_subwfsize_x_loop_columns_kernel<256u, 16u, 8u, 8u, float, int, int, float, float, float>(rocsparse::const_host_device_scalar<float>, rocsparse::const_host_device_scalar<float>, bool, int, int, int, int, long, long, long, long, long, long, int const*, int const*, float const*, float const*, float*, rocsparse_order_, rocsparse_index_base_, bool, bool) [clone .kd]",2,0,249,4037151,4037151,262144,256,0,0,88,0,48,64,0x0,0x7f5f67e8dcc0,4096.0000000000,594.7812500000,99.9882812500,0.0000000000,0.0000000000
171,"void rocsparse::csrmmnt_row_split_subwfsize_x_loop_columns_kernel<256u, 16u, 8u, 8u, float, int, int, float, float, float>(rocsparse::const_host_device_scalar<float>, rocsparse::const_host_device_scalar<float>, bool, int, int, int, int, long, long, long, long, long, long, int const*, int const*, float const*, float const*, float*, rocsparse_order_, rocsparse_index_base_, bool, bool) [clone .kd]",2,0,250,4037151,4037151,262144,256,0,0,88,0,48,64,0x0,0x7f5f67e8dcc0,4096.0000000000,594.7812500000,99.9882812500,0.0000000000,0.0000000000
172,"void rocsparse::csrmmnt_row_split_subwfsize_x_loop_columns_kernel<256u, 16u, 8u, 8u, float, int, int, float, float, float>(rocsparse::const_host_device_scalar<float>, rocsparse::const_host_device_scalar<float>, bool, int, int, int, int, long, long, long, long, long, long, int const*, int const*, float const*, float const*, float*, rocsparse_order_, rocsparse_index_base_, bool, bool) [clone .kd]",2,0,251,4037151,4037151,262144,256,0,0,88,0,48,64,0x0,0x7f5f67e8dcc0,4096.0000000000,594.7812500000,99.9882812500,0.0000000000,0.0000000000
173,"void rocsparse::csrmmnt_row_split_subwfsize_x_loop_columns_kernel<256u, 16u, 8u, 8u, float, int, int, float, float, float>(rocsparse::const_host_device_scalar<float>, rocsparse::const_host_device_scalar<float>, bool, int, int, int, int, long, long, long, long, long, long, int const*, int const*, float const*, float const*, float*, rocsparse_order_, rocsparse_index_base_, bool, bool) [clone .kd]",2,0,252,4037151,4037151,262144,256,0,0,88,0,48,64,0x0,0x7f5f67e8dcc0,4096.0000000000,594.7812500000,99.9882812500,0.0000000000,0.0000000000
174,"void rocsparse::csrmmnt_row_split_subwfsize_x_loop_columns_kernel<256u, 16u, 8u, 8u, float, int, int, float, float, float>(rocsparse::const_host_device_scalar<float>, rocsparse::const_host_device_scalar<float>, bool, int, int, int, int, long, long, long, long, long, long, int const*, int const*, float const*, float const*, float*, rocsparse_order_, rocsparse_index_base_, bool, bool) [clone .kd]",2,0,253,4037151,4037151,262144,256,0,0,88,0,48,64,0x0,0x7f5f67e8dcc0,4096.0000000000,594.7812500000,99.9882812500,0.0000000000,0.0000000000
175,"void rocsparse::csrmmnt_row_split_subwfsize_x_loop_columns_kernel<256u, 16u, 8u, 8u, float, int, int, float, float, float>(rocsparse::const_host_device_scalar<float>, rocsparse::const_host_device_scalar<float>, bool, int, int, int, int, long, long, long, long, long, long, int const*, int const*, float const*, float const*, float*, rocsparse_order_, rocsparse_index_base_, bool, bool) [clone .kd]",2,0,254,4037151,4037151,262144,256,0,0,88,0,48,64,0x0,0x7f5f67e8dcc0,4096.0000000000,594.7812500000,99.9882812500,0.0000000000,0.0000000000
176,"void rocsparse::csrmmnt_row_split_subwfsize_x_loop_columns_kernel<256u, 16u, 8u, 8u, float, int, int, float, float, float>(rocsparse::const_host_device_scalar<float>, rocsparse::const_host_device_scalar<float>, bool, int, int, int, int, long, long, long, long, long, long, int const*, int const*, float const*, float const*, float*, rocsparse_order_, rocsparse_index_base_, bool, bool) [clone .kd]",2,0,255,4037151,4037151,262144,256,0,0,88,0,48,64,0x0,0x7f5f67e8dcc0,4096.0000000000,594.7812500000,99.9882812500,0.0000000000,0.0000000000
177,"void rocsparse::csrmmnt_row_split_subwfsize_x_loop_columns_kernel<256u, 16u, 8u, 8u, float, int, int, float, float, float>(rocsparse::const_host_device_scalar<float>, rocsparse::const_host_device_scalar<float>, bool, int, int, int, int, long, long, long, long, long, long, int const*, int const*, float const*, float const*, float*, rocsparse_order_, rocsparse_index_base_, bool, bool) [clone .kd]",2,0,256,4037151,4037151,262144,256,0,0,88,0,48,64,0x0,0x7f5f67e8dcc0,4096.0000000000,594.7812500000,99.9882812500,0.0000000000,0.0000000000
178,"void rocsparse::csrmmnt_row_split_subwfsize_x_loop_columns_kernel<256u, 16u, 8u, 8u, float, int, int, float, float, float>(rocsparse::const_host_device_scalar<float>, rocsparse::const_host_device_scalar<float>, bool, int, int, int, int, long, long, long, long, long, long, int const*, int const*, float const*, float const*, float*, rocsparse_order_, rocsparse_index_base_, bool, bool) [clone .kd]",2,0,257,4037151,4037151,262144,256,0,0,88,0,48,64,0x0,0x7f5f67e8dcc0,4096.0000000000,594.7812500000,99.9882812500,0.0000000000,0.0000000000
179,"void rocsparse::bsrmm_large_blockdim_kernel_ext<16u, 16u, 2u, int, int, float, float, float, float>(bool, rocsparse_direction_, int, int, long, long, rocsparse::const_host_device_scalar<float>, int const*, int const*, float const*, int, float const*, long, long, rocsparse::const_host_device_scalar<float>, float*, long, long, rocsparse_order_, rocsparse_index_base_, bool) [clone .kd]",2,0,260,4037151,4037151,1048576,256,3072,0,40,0,48,64,0x0,0x7f5f66bb79c0,16384.0000000000,294.8535156250,171.9257812500,0.0000000000,49.5949559667
180,"Cijk_Ailk_Bljk_SB_MT64x32x32_MI16x16x4x1_SE_1LDSB0_APM1_ABV0_ACED0_AF0EM1_AF1EM1_AMAS0_ASE_ASGT_ASLT_ASM_ASAE01_ASCE01_ASEM1_AAC0_BL1_BS1_CLR0_DTLA0_DTLB0_DTVA0_DTVB0_DVO0_ETSP_EPS0_ELFLR0_EMLL0_FSSC10_FL0_GLVWA2_GLVWB2_GRCGA1_GRCGB1_GRPM1_GRVW2_GSU1_GSUASB_GLS0_ISA90a_IU1_K1_KLA_LBSPPA0_LBSPPB128_LPA0_LPB2_LDL1_LRVW2_LWPMn1_LDW0_MAC_MIAV0_MDA2_MO40_MMFGLC_MKFGSU256_NTA0_NTB0_NTC0_NTD0_NEPBS0_NLCA1_NLCB1_ONLL1_OPLV0_PK0_PAP0_PGR2_PLR9_PKA0_SIA3_SLW1_SS0_SU0_SUM0_SUS0_SCIUI1_SPO0_SRVW2_SSO0_SVW4_SNLL0_TSGRA0_TSGRB0_TT2_16_TLDS1_UMLDSA0_UMLDSB1_U64SL1_USFGROn1_VAW1_VSn1_VW1_VWB1_VFLRP0_WSGRA1_WSGRB1_WS64_WG32_8_1_WGM15.kd",2,0,264,4037151,4037151,262144,256,29184,0,120,136,64,64,0x0,0x7f5e03324a00,4096.0000000000,10395.0000000000,7284.0000000000,3072.0000000000,6.3626710547
181,"Cijk_Ailk_Bljk_SB_MT64x32x32_MI16x16x4x1_SE_1LDSB0_APM1_ABV0_ACED0_AF0EM1_AF1EM1_AMAS0_ASE_ASGT_ASLT_ASM_ASAE01_ASCE01_ASEM1_AAC0_BL1_BS1_CLR0_DTLA0_DTLB0_DTVA0_DTVB0_DVO0_ETSP_EPS0_ELFLR0_EMLL0_FSSC10_FL0_GLVWA2_GLVWB2_GRCGA1_GRCGB1_GRPM1_GRVW2_GSU1_GSUASB_GLS0_ISA90a_IU1_K1_KLA_LBSPPA0_LBSPPB128_LPA0_LPB2_LDL1_LRVW2_LWPMn1_LDW0_MAC_MIAV0_MDA2_MO40_MMFGLC_MKFGSU256_NTA0_NTB0_NTC0_NTD0_NEPBS0_NLCA1_NLCB1_ONLL1_OPLV0_PK0_PAP0_PGR2_PLR9_PKA0_SIA3_SLW1_SS0_SU0_SUM0_SUS0_SCIUI1_SPO0_SRVW2_SSO0_SVW4_SNLL0_TSGRA0_TSGRB0_TT2_16_TLDS1_UMLDSA0_UMLDSB1_U64SL1_USFGROn1_VAW1_VSn1_VW1_VWB1_VFLRP0_WSGRA1_WSGRB1_WS64_WG32_8_1_WGM15.kd",2,0,267,4037151,4037151,262144,256,29184,0,120,136,64,64,0x0,0x7f5e03324a00,4096.0000000000,10395.0000000000,7284.0000000000,3072.0000000000,6.5483664739
182,"Cijk_Ailk_Bljk_SB_MT64x32x32_MI16x16x4x1_SE_1LDSB0_APM1_ABV0_ACED0_AF0EM1_AF1EM1_AMAS0_ASE_ASGT_ASLT_ASM_ASAE01_ASCE01_ASEM1_AAC0_BL1_BS1_CLR0_DTLA0_DTLB0_DTVA0_DTVB0_DVO0_ETSP_EPS0_ELFLR0_EMLL0_FSSC10_FL0_GLVWA2_GLVWB2_GRCGA1_GRCGB1_GRPM1_GRVW2_GSU1_GSUASB_GLS0_ISA90a_IU1_K1_KLA_LBSPPA0_LBSPPB128_LPA0_LPB2_LDL1_LRVW2_LWPMn1_LDW0_MAC_MIAV0_MDA2_MO40_MMFGLC_MKFGSU256_NTA0_NTB0_NTC0_NTD0_NEPBS0_NLCA1_NLCB1_ONLL1_OPLV0_PK0_PAP0_PGR2_PLR9_PKA0_SIA3_SLW1_SS0_SU0_SUM0_SUS0_SCIUI1_SPO0_SRVW2_SSO0_SVW4_SNLL0_TSGRA0_TSGRB0_TT2_16_TLDS1_UMLDSA0_UMLDSB1_U64SL1_USFGROn1_VAW1_VSn1_VW1_VWB1_VFLRP0_WSGRA1_WSGRB1_WS64_WG32_8_1_WGM15.kd",2,0,268,4037151,4037151,262144,256,29184,0,120,136,64,64,0x0,0x7f5e03324a00,4096.0000000000,10395.0000000000,7284.0000000000,3072.0000000000,6.3710651992
183,"Cijk_Ailk_Bljk_SB_MT64x32x32_MI16x16x4x1_SE_1LDSB0_APM1_ABV0_ACED0_AF0EM1_AF1EM1_AMAS0_ASE_ASGT_ASLT_ASM_ASAE01_ASCE01_ASEM1_AAC0_BL1_BS1_CLR0_DTLA0_DTLB0_DTVA0_DTVB0_DVO0_ETSP_EPS0_ELFLR0_EMLL0_FSSC10_FL0_GLVWA2_GLVWB2_GRCGA1_GRCGB1_GRPM1_GRVW2_GSU1_GSUASB_GLS0_ISA90a_IU1_K1_KLA_LBSPPA0_LBSPPB128_LPA0_LPB2_LDL1_LRVW2_LWPMn1_LDW0_MAC_MIAV0_MDA2_MO40_MMFGLC_MKFGSU256_NTA0_NTB0_NTC0_NTD0_NEPBS0_NLCA1_NLCB1_ONLL1_OPLV0_PK0_PAP0_PGR2_PLR9_PKA0_SIA3_SLW1_SS0_SU0_SUM0_SUS0_SCIUI1_SPO0_SRVW2_SSO0_SVW4_SNLL0_TSGRA0_TSGRB0_TT2_16_TLDS1_UMLDSA0_UMLDSB1_U64SL1_USFGROn1_VAW1_VSn1_VW1_VWB1_VFLRP0_WSGRA1_WSGRB1_WS64_WG32_8_1_WGM15.kd",2,0,269,4037151,4037151,262144,256,29184,0,120,136,64,64,0x0,0x7f5e03324a00,4096.0000000000,10395.0000000000,7284.0000000000,3072.0000000000,6.4031141122
184,"Cijk_Ailk_Bljk_SB_MT64x32x32_MI16x16x4x1_SE_1LDSB0_APM1_ABV0_ACED0_AF0EM1_AF1EM1_AMAS0_ASE_ASGT_ASLT_ASM_ASAE01_ASCE01_ASEM1_AAC0_BL1_BS1_CLR0_DTLA0_DTLB0_DTVA0_DTVB0_DVO0_ETSP_EPS0_ELFLR0_EMLL0_FSSC10_FL0_GLVWA2_GLVWB2_GRCGA1_GRCGB1_GRPM1_GRVW2_GSU1_GSUASB_GLS0_ISA90a_IU1_K1_KLA_LBSPPA0_LBSPPB128_LPA0_LPB2_LDL1_LRVW2_LWPMn1_LDW0_MAC_MIAV0_MDA2_MO40_MMFGLC_MKFGSU256_NTA0_NTB0_NTC0_NTD0_NEPBS0_NLCA1_NLCB1_ONLL1_OPLV0_PK0_PAP0_PGR2_PLR9_PKA0_SIA3_SLW1_SS0_SU0_SUM0_SUS0_SCIUI1_SPO0_SRVW2_SSO0_SVW4_SNLL0_TSGRA0_TSGRB0_TT2_16_TLDS1_UMLDSA0_UMLDSB1_U64SL1_USFGROn1_VAW1_VSn1_VW1_VWB1_VFLRP0_WSGRA1_WSGRB1_WS64_WG32_8_1_WGM15.kd",2,0,270,4037151,4037151,262144,256,29184,0,120,136,64,64,0x0,0x7f5e03324a00,4096.0000000000,10395.0000000000,7284.0000000000,3072.0000000000,6.7065610437
185,"Cijk_Ailk_Bljk_SB_MT64x32x32_MI16x16x4x1_SE_1LDSB0_APM1_ABV0_ACED0_AF0EM1_AF1EM1_AMAS0_ASE_ASGT_ASLT_ASM_ASAE01_ASCE01_ASEM1_AAC0_BL1_BS1_CLR0_DTLA0_DTLB0_DTVA0_DTVB0_DVO0_ETSP_EPS0_ELFLR0_EMLL0_FSSC10_FL0_GLVWA2_GLVWB2_GRCGA1_GRCGB1_GRPM1_GRVW2_GSU1_GSUASB_GLS0_ISA90a_IU1_K1_KLA_LBSPPA0_LBSPPB128_LPA0_LPB2_LDL1_LRVW2_LWPMn1_LDW0_MAC_MIAV0_MDA2_MO40_MMFGLC_MKFGSU256_NTA0_NTB0_NTC0_NTD0_NEPBS0_NLCA1_NLCB1_ONLL1_OPLV0_PK0_PAP0_PGR2_PLR9_PKA0_SIA3_SLW1_SS0_SU0_SUM0_SUS0_SCIUI1_SPO0_SRVW2_SSO0_SVW4_SNLL0_TSGRA0_TSGRB0_TT2_16_TLDS1_UMLDSA0_UMLDSB1_U64SL1_USFGROn1_VAW1_VSn1_VW1_VWB1_VFLRP0_WSGRA1_WSGRB1_WS64_WG32_8_1_WGM15.kd",2,0,271,4037151,4037151,262144,256,29184,0,120,136,64,64,0x0,0x7f5e03324a00,4096.0000000000,10395.0000000000,7284.0000000000,3072.0000000000,6.4856087791
186,"Cijk_Ailk_Bljk_SB_MT64x32x32_MI16x16x4x1_SE_1LDSB0_APM1_ABV0_ACED0_AF0EM1_AF1EM1_AMAS0_ASE_ASGT_ASLT_ASM_ASAE01_ASCE01_ASEM1_AAC0_BL1_BS1_CLR0_DTLA0_DTLB0_DTVA0_DTVB0_DVO0_ETSP_EPS0_ELFLR0_EMLL0_FSSC10_FL0_GLVWA2_GLVWB2_GRCGA1_GRCGB1_GRPM1_GRVW2_GSU1_GSUASB_GLS0_ISA90a_IU1_K1_KLA_LBSPPA0_LBSPPB128_LPA0_LPB2_LDL1_LRVW2_LWPMn1_LDW0_MAC_MIAV0_MDA2_MO40_MMFGLC_MKFGSU256_NTA0_NTB0_NTC0_NTD0_NEPBS0_NLCA1_NLCB1_ONLL1_OPLV0_PK0_PAP0_PGR2_PLR9_PKA0_SIA3_SLW1_SS0_SU0_SUM0_SUS0_SCIUI1_SPO0_SRVW2_SSO0_SVW4_SNLL0_TSGRA0_TSGRB0_TT2_16_TLDS1_UMLDSA0_UMLDSB1_U64SL1_USFGROn1_VAW1_VSn1_VW1_VWB1_VFLRP0_WSGRA1_WSGRB1_WS64_WG32_8_1_WGM15.kd",2,0,272,4037151,4037151,262144,256,29184,0,120,136,64,64,0x0,0x7f5e03324a00,4096.0000000000,10395.0000000000,7284.0000000000,3072.0000000000,6.5382943127
187,"Cijk_Ailk_Bljk_SB_MT64x32x32_MI16x16x4x1_SE_1LDSB0_APM1_ABV0_ACED0_AF0EM1_AF1EM1_AMAS0_ASE_ASGT_ASLT_ASM_ASAE01_ASCE01_ASEM1_AAC0_BL1_BS1_CLR0_DTLA0_DTLB0_DTVA0_DTVB0_DVO0_ETSP_EPS0_ELFLR0_EMLL0_FSSC10_FL0_GLVWA2_GLVWB2_GRCGA1_GRCGB1_GRPM1_GRVW2_GSU1_GSUASB_GLS0_ISA90a_IU1_K1_KLA_LBSPPA0_LBSPPB128_LPA0_LPB2_LDL1_LRVW2_LWPMn1_LDW0_MAC_MIAV0_MDA2_MO40_MMFGLC_MKFGSU256_NTA0_NTB0_NTC0_NTD0_NEPBS0_NLCA1_NLCB1_ONLL1_OPLV0_PK0_PAP0_PGR2_PLR9_PKA0_SIA3_SLW1_SS0_SU0_SUM0_SUS0_SCIUI1_SPO0_SRVW2_SSO0_SVW4_SNLL0_TSGRA0_TSGRB0_TT2_16_TLDS1_UMLDSA0_UMLDSB1_U64SL1_USFGROn1_VAW1_VSn1_VW1_VWB1_VFLRP0_WSGRA1_WSGRB1_WS64_WG32_8_1_WGM15.kd",2,0,273,4037151,4037151,262144,256,29184,0,120,136,64,64,0x0,0x7f5e03324a00,4096.0000000000,10395.0000000000,7284.0000000000,3072.0000000000,6.3303520728
188,"Cijk_Ailk_Bljk_SB_MT64x32x32_MI16x16x4x1_SE_1LDSB0_APM1_ABV0_ACED0_AF0EM1_AF1EM1_AMAS0_ASE_ASGT_ASLT_ASM_ASAE01_ASCE01_ASEM1_AAC0_BL1_BS1_CLR0_DTLA0_DTLB0_DTVA0_DTVB0_DVO0_ETSP_EPS0_ELFLR0_EMLL0_FSSC10_FL0_GLVWA2_GLVWB2_GRCGA1_GRCGB1_GRPM1_GRVW2_GSU1_GSUASB_GLS0_ISA90a_IU1_K1_KLA_LBSPPA0_LBSPPB128_LPA0_LPB2_LDL1_LRVW2_LWPMn1_LDW0_MAC_MIAV0_MDA2_MO40_MMFGLC_MKFGSU256_NTA0_NTB0_NTC0_NTD0_NEPBS0_NLCA1_NLCB1_ONLL1_OPLV0_PK0_PAP0_PGR2_PLR9_PKA0_SIA3_SLW1_SS0_SU0_SUM0_SUS0_SCIUI1_SPO0_SRVW2_SSO0_SVW4_SNLL0_TSGRA0_TSGRB0_TT2_16_TLDS1_UMLDSA0_UMLDSB1_U64SL1_USFGROn1_VAW1_VSn1_VW1_VWB1_VFLRP0_WSGRA1_WSGRB1_WS64_WG32_8_1_WGM15.kd",2,0,274,4037151,4037151,262144,256,29184,0,120,136,64,64,0x0,0x7f5e03324a00,4096.0000000000,10395.0000000000,7284.0000000000,3072.0000000000,6.4747117079
189,"Cijk_Ailk_Bljk_SB_MT64x32x32_MI16x16x4x1_SE_1LDSB0_APM1_ABV0_ACED0_AF0EM1_AF1EM1_AMAS0_ASE_ASGT_ASLT_ASM_ASAE01_ASCE01_ASEM1_AAC0_BL1_BS1_CLR0_DTLA0_DTLB0_DTVA0_DTVB0_DVO0_ETSP_EPS0_ELFLR0_EMLL0_FSSC10_FL0_GLVWA2_GLVWB2_GRCGA1_GRCGB1_GRPM1_GRVW2_GSU1_GSUASB_GLS0_ISA90a_IU1_K1_KLA_LBSPPA0_LBSPPB128_LPA0_LPB2_LDL1_LRVW2_LWPMn1_LDW0_MAC_MIAV0_MDA2_MO40_MMFGLC_MKFGSU256_NTA0_NTB0_NTC0_NTD0_NEPBS0_NLCA1_NLCB1_ONLL1_OPLV0_PK0_PAP0_PGR2_PLR9_PKA0_SIA3_SLW1_SS0_SU0_SUM0_SUS0_SCIUI1_SPO0_SRVW2_SSO0_SVW4_SNLL0_TSGRA0_TSGRB0_TT2_16_TLDS1_UMLDSA0_UMLDSB1_U64SL1_USFGROn1_VAW1_VSn1_VW1_VWB1_VFLRP0_WSGRA1_WSGRB1_WS64_WG32_8_1_WGM15.kd",2,0,275,4037151,4037151,262144,256,29184,0,120,136,64,64,0x0,0x7f5e03324a00,4096.0000000000,10395.0000000000,7284.0000000000,3072.0000000000,6.4921248023
190,"Cijk_Ailk_Bljk_SB_MT64x32x32_MI16x16x4x1_SE_1LDSB0_APM1_ABV0_ACED0_AF0EM1_AF1EM1_AMAS0_ASE_ASGT_ASLT_ASM_ASAE01_ASCE01_ASEM1_AAC0_BL1_BS1_CLR0_DTLA0_DTLB0_DTVA0_DTVB0_DVO0_ETSP_EPS0_ELFLR0_EMLL0_FSSC10_FL0_GLVWA2_GLVWB2_GRCGA1_GRCGB1_GRPM1_GRVW2_GSU1_GSUASB_GLS0_ISA90a_IU1_K1_KLA_LBSPPA0_LBSPPB128_LPA0_LPB2_LDL1_LRVW2_LWPMn1_LDW0_MAC_MIAV0_MDA2_MO40_MMFGLC_MKFGSU256_NTA0_NTB0_NTC0_NTD0_NEPBS0_NLCA1_NLCB1_ONLL1_OPLV0_PK0_PAP0_PGR2_PLR9_PKA0_SIA3_SLW1_SS0_SU0_SUM0_SUS0_SCIUI1_SPO0_SRVW2_SSO0_SVW4_SNLL0_TSGRA0_TSGRB0_TT2_16_TLDS1_UMLDSA0_UMLDSB1_U64SL1_USFGROn1_VAW1_VSn1_VW1_VWB1_VFLRP0_WSGRA1_WSGRB1_WS64_WG32_8_1_WGM15.kd",2,0,276,4037151,4037151,262144,256,29184,0,120,136,64,64,0x0,0x7f5e03324a00,4096.0000000000,10395.0000000000,7284.0000000000,3072.0000000000,6.4473338349
